id,name,price,unit,category,top_category,subcategory,category_url,image_url,local_image
p00855,Amulspray Baby Milk Powder,255,,Baby Food,Baby Care,,https://blinkit.com/cn/baby-food/cid/7/1590,,/images/p00855.svg
p00943,Apex Piano Gym Baby Play Mat (0+ months),735,,Baby Gear,Baby Care,,https://blinkit.com/cn/baby-gear/cid/7/6706,,/images/p00943.svg
p06882,I Can Color: Animals and Birds,89,,Baby Toddler Books,Baby Care,,https://blinkit.com/cn/baby-toddler-books/cid/1559/8816,,/images/p06882.svg
p00651,Little's Soft Cleansing Baby Wipes Lid Pack | Wet Wipes - Pack of 2,150,,Baby Wipes,Baby Care,,https://blinkit.com/cn/baby-wipes/cid/7/996,,/images/p00651.svg
p00673,Mother Sparsh Plant Powered Natural Baby Wipes,112,,Baby Wipes,Baby Care,,https://blinkit.com/cn/baby-wipes/cid/7/996,,/images/p00673.svg
p00809,Tuco Kids Kids Soap,322,,Bathing Needs,Baby Care,,https://blinkit.com/cn/bathing-needs/cid/7/1001,,/images/p00809.svg
p00597,"LuvLap Anti Spill Baby Sipper (150 ml, Green)",240,,Feeding Essentials,Baby Care,,https://blinkit.com/cn/feeding-essentials/cid/7/169,,/images/p00597.svg
p00628,Oyo Baby Blanket (Pink),257,,Nursing,Baby Care,,https://blinkit.com/cn/nursing/cid/7/597,,/images/p00628.svg
p05469,Sapphire Butter Biscuits Gift Pack (Gold Collection),299,,Biscuit Gift Pack,Bakery & Biscuits,,https://blinkit.com/cn/biscuit-gift-pack/cid/888/2380,,/images/p05469.svg
p02105,English Oven Brown Bread,60,,Bread Pav,Bakery & Biscuits,,https://blinkit.com/cn/bread-pav/cid/14/953,,/images/p02105.svg
p02102,English Oven Zero Maida Atta/ Wheat Bread,60,,Bread Pav,Bakery & Biscuits,,https://blinkit.com/cn/bread-pav/cid/14/953,,/images/p02102.svg
p02104,Harvest Gold Atta Whole Wheat Bread,65,,Bread Pav,Bakery & Biscuits,,https://blinkit.com/cn/bread-pav/cid/14/953,,/images/p02104.svg
p02103,Harvest Gold White Bread,65,,Bread Pav,Bakery & Biscuits,,https://blinkit.com/cn/bread-pav/cid/14/953,,/images/p02103.svg
p02125,Protein Chef 42g Protein Multigrain Bread - 5 Superfoods,69,,Bread Pav,Bakery & Biscuits,,https://blinkit.com/cn/bread-pav/cid/14/953,,/images/p02125.svg
p05127,Britannia Good Day Butter Cookies,35,,Cookies,Bakery & Biscuits,,https://blinkit.com/cn/cookies/cid/888/28,,/images/p05127.svg
p05142,Britannia Good Day Chunkies Chocochip Cookies (75 g) - Pack of 2,74,,Cookies,Bakery & Biscuits,,https://blinkit.com/cn/cookies/cid/888/28,,/images/p05142.svg
p05165,Britannia Tiger Krunch Choco chips Cookies - Pack of 2,132,,Cookies,Bakery & Biscuits,,https://blinkit.com/cn/cookies/cid/888/28,,/images/p05165.svg
p05126,Hide & Seek Chocolate Chip Cookies,48,,Cookies,Bakery & Biscuits,,https://blinkit.com/cn/cookies/cid/888/28,,/images/p05126.svg
p05131,Lotus Biscoff Caramelized Cookies,30,,Cookies,Bakery & Biscuits,,https://blinkit.com/cn/cookies/cid/888/28,,/images/p05131.svg
p05195,Oreo Golden Vanilla Sandwich Cream Biscuits (Family Pack),76,,Cream Biscuits,Bakery & Biscuits,,https://blinkit.com/cn/cream-biscuits/cid/888/105,,/images/p05195.svg
p05363,Britannia Vita Gold Marie Biscuits,145,,Glucose Marie,Bakery & Biscuits,,https://blinkit.com/cn/glucose-marie/cid/888/209,,/images/p05363.svg
p05452,The Baker's Dozen Dark Chocolate Cookies,225,,Gourmet Bakery,Bakery & Biscuits,,https://blinkit.com/cn/gourmet-bakery/cid/888/1959,,/images/p05452.svg
p01543,L'Oreal Paris Casting Creme Gloss 400 Creme Hair Colour (Dark Brown),268,,Hair Styling Treatment,Beauty,,https://blinkit.com/cn/hair-styling-treatment/cid/13/77,,/images/p01543.svg
p01574,PHC Metal Hair Band (Black),49,,Hair Styling Treatment,Beauty,,https://blinkit.com/cn/hair-styling-treatment/cid/13/77,,/images/p01574.svg
p01772,FAE Beauty Lip Whip Matte 12H Liquid Lipstick (Revenge),501,,Lip Cosmetics,Beauty,,https://blinkit.com/cn/lip-cosmetics/cid/13/196,,/images/p01772.svg
p01708,Lakme 9To5 Powerplay Priming Matte Lipstick (Mauve Matter),488,,Lip Cosmetics,Beauty,,https://blinkit.com/cn/lip-cosmetics/cid/13/196,,/images/p01708.svg
p01477,Laneige Glowy Tinted Lip Balm (Blueberry),675,,Lip Eye Care,Beauty,,https://blinkit.com/cn/lip-eye-care/cid/13/30,,/images/p01477.svg
p01487,RENEE Disney Moana Mini Tinted Lip Balm (Beachy Peachy),219,,Lip Eye Care,Beauty,,https://blinkit.com/cn/lip-eye-care/cid/13/30,,/images/p01487.svg
p01797,Faces Canada Ultime Pro Splash Mini Nail Paint Kit (Pastel Paradise),199,,Nail Cosmetics,Beauty,,https://blinkit.com/cn/nail-cosmetics/cid/13/202,,/images/p01797.svg
p03605,FURR Reusable German Blade Face Razor - Pack of 3,185,,Womens Grooming,Beauty,,https://blinkit.com/cn/womens-grooming/cid/163/1893,,/images/p03605.svg
p04458,Raw Pressery Coconut Water - Pack of 6,190,,Coconut Water,Beverages,,https://blinkit.com/cn/coconut-water/cid/332/1594,,/images/p04458.svg
p01291,Bru Instant Coffee,119,,Coffee,Beverages,,https://blinkit.com/cn/coffee/cid/12/1322,,/images/p01291.svg
p01287,Nescafe Classic - 100% Pure Instant Coffee Powder,230,,Coffee,Beverages,,https://blinkit.com/cn/coffee/cid/12/1322,,/images/p01287.svg
p01286,Nescafe Classic Black Roast Instant Coffee (Rich & Strong),404,,Coffee,Beverages,,https://blinkit.com/cn/coffee/cid/12/1322,,/images/p01286.svg
p01288,Nescafe Classic Pure Instant Coffee,135,,Coffee,Beverages,,https://blinkit.com/cn/coffee/cid/12/1322,,/images/p01288.svg
p01289,Sleepy Owl Assorted Instant Coffee,99,,Coffee,Beverages,,https://blinkit.com/cn/coffee/cid/12/1322,,/images/p01289.svg
p01359,Amul Kool Cafe Hazelnut Flavoured Milk,30,,Cold Coffee Ice Tea,Beverages,,https://blinkit.com/cn/cold-coffee-ice-tea/cid/12/1953,,/images/p01359.svg
p01344,Nestea Ice Tea Premix - Lemon Flavour,186,,Cold Coffee Ice Tea,Beverages,,https://blinkit.com/cn/cold-coffee-ice-tea/cid/12/1953,,/images/p01344.svg
p01336,Blendart Pure Chamomile Herbal Infusion Bags,279,,Green Flavoured Tea,Beverages,,https://blinkit.com/cn/green-flavoured-tea/cid/12/1605,,/images/p01336.svg
p01315,Girnar Detox Desi Kahwa,100,,Green Flavoured Tea,Beverages,,https://blinkit.com/cn/green-flavoured-tea/cid/12/1605,,/images/p01315.svg
p01314,Lipton Honey Lemon Green Tea Bags,172,,Green Flavoured Tea,Beverages,,https://blinkit.com/cn/green-flavoured-tea/cid/12/1605,,/images/p01314.svg
p01316,Lipton Lemongrass Ginger Green Tea Bags,168,,Green Flavoured Tea,Beverages,,https://blinkit.com/cn/green-flavoured-tea/cid/12/1605,,/images/p01316.svg
p01318,Tetley Lemon & Honey Green Tea Bags,169,,Green Flavoured Tea,Beverages,,https://blinkit.com/cn/green-flavoured-tea/cid/12/1605,,/images/p01318.svg
p01317,"Tetley Slim Care Green Tea Bags (With L-Carnitine, Ginger, Mint & Lemon)",177,,Green Flavoured Tea,Beverages,,https://blinkit.com/cn/green-flavoured-tea/cid/12/1605,,/images/p01317.svg
p01313,"Tetley Slim Care Green Tea Bags (With L-Carnitine, Lemon & Honey)",177,,Green Flavoured Tea,Beverages,,https://blinkit.com/cn/green-flavoured-tea/cid/12/1605,,/images/p01313.svg
p01340,Vahdam Chamomile Mint Citrus Green Tea Bags,208,,Green Flavoured Tea,Beverages,,https://blinkit.com/cn/green-flavoured-tea/cid/12/1605,,/images/p01340.svg
p01431,Blue Tea Chamomile Flower Herbal Infusion,299,,Herbal Infusion,Beverages,,https://blinkit.com/cn/herbal-infusion/cid/12/9352,,/images/p01431.svg
p01440,Kalprishi Blue Pea Herbal Infusion,151,,Herbal Infusion,Beverages,,https://blinkit.com/cn/herbal-infusion/cid/12/9352,,/images/p01440.svg
p01448,Tencha Hibiscus Flower Herbal Tea,299,,Herbal Infusion,Beverages,,https://blinkit.com/cn/herbal-infusion/cid/12/9352,,/images/p01448.svg
p01176,Cocosutra Hazelnut Hot Chocolate,99,,Hot Chocolate,Beverages,,https://blinkit.com/cn/hot-chocolate/cid/12/90,,/images/p01176.svg
p04527,Mogu Mogu Grape Fruit Drink with Nata De Coco,73,,Imported Beverages,Beverages,,https://blinkit.com/cn/imported-beverages/cid/332/2360,,/images/p04527.svg
p04528,Mogu Mogu Grape Fruit Drink with Nata De Coco - Pack of 2,143,,Imported Beverages,Beverages,,https://blinkit.com/cn/imported-beverages/cid/332/2360,,/images/p04528.svg
p04526,Mogu Mogu Grape Fruit Drink with Nata De Coco - Pack of 4,279,,Imported Beverages,Beverages,,https://blinkit.com/cn/imported-beverages/cid/332/2360,,/images/p04526.svg
p04533,Mogu Mogu Orange Fruit Drink,68,,Imported Beverages,Beverages,,https://blinkit.com/cn/imported-beverages/cid/332/2360,,/images/p04533.svg
p04530,Mogu Mogu Pineapple Fruit Drink,73,,Imported Beverages,Beverages,,https://blinkit.com/cn/imported-beverages/cid/332/2360,,/images/p04530.svg
p04531,Mogu Mogu Pineapple Fruit Drink - Pack of 2,143,,Imported Beverages,Beverages,,https://blinkit.com/cn/imported-beverages/cid/332/2360,,/images/p04531.svg
p04529,Mogu Mogu Pineapple Fruit Drink - Pack of 4,279,,Imported Beverages,Beverages,,https://blinkit.com/cn/imported-beverages/cid/332/2360,,/images/p04529.svg
p01371,Flurys Pure Chamomile Organic Herbal Infusion Bags,234,,Imported Tea Coffee,Beverages,,https://blinkit.com/cn/imported-tea-coffee/cid/12/2363,,/images/p01371.svg
p04338,B Natural Coconut Cola Soft Drink,57,,Soft Drinks,Beverages,,https://blinkit.com/cn/soft-drinks/cid/332/1102,,/images/p04338.svg
p04339,Coca-Cola Diet-Coke Diets & Lights - Pack of 6,297,,Soft Drinks,Beverages,,https://blinkit.com/cn/soft-drinks/cid/332/1102,,/images/p04339.svg
p04345,Coca-Cola Soft Drink,40,,Soft Drinks,Beverages,,https://blinkit.com/cn/soft-drinks/cid/332/1102,,/images/p04345.svg
p04340,Diet Coke Diets & Lights,50,,Soft Drinks,Beverages,,https://blinkit.com/cn/soft-drinks/cid/332/1102,,/images/p04340.svg
p04347,Sprite Lime Flavored Soft Drink,36,,Soft Drinks,Beverages,,https://blinkit.com/cn/soft-drinks/cid/332/1102,,/images/p04347.svg
p04341,Thums Up Cola Soft Drink (750 ml) - Pack of 2,75,,Soft Drinks,Beverages,,https://blinkit.com/cn/soft-drinks/cid/332/1102,,/images/p04341.svg
p04343,Thums Up Cola Soft Drink (750 ml) - Pack of 4,151,,Soft Drinks,Beverages,,https://blinkit.com/cn/soft-drinks/cid/332/1102,,/images/p04343.svg
p04342,Thums Up Soft Drink,50,,Soft Drinks,Beverages,,https://blinkit.com/cn/soft-drinks/cid/332/1102,,/images/p04342.svg
p01190,Brooke Bond Taaza Tea,50,,Tea,Beverages,,https://blinkit.com/cn/tea/cid/12/957,,/images/p01190.svg
p02086,Amul Salted Butter,58,,Butter More,Dairy & Breakfast,,https://blinkit.com/cn/butter-more/cid/14/952,,/images/p02086.svg
p02087,Amul Salted Butter (200 g),130,,Butter More,Dairy & Breakfast,,https://blinkit.com/cn/butter-more/cid/14/952,,/images/p02087.svg
p02090,Mother Dairy Salted Butter (500 g),310,,Butter More,Dairy & Breakfast,,https://blinkit.com/cn/butter-more/cid/14/952,,/images/p02090.svg
p02170,Mother Dairy - Dairy Whitener,269,,Cream Whitener,Dairy & Breakfast,,https://blinkit.com/cn/cream-whitener/cid/14/1092,,/images/p02170.svg
p02169,Mother Dairy - Dairy Whitener - Pack of 2,533,,Cream Whitener,Dairy & Breakfast,,https://blinkit.com/cn/cream-whitener/cid/14/1092,,/images/p02169.svg
p01931,Amul Probiotic High Protein Curd,80,,Curd Yogurt,Dairy & Breakfast,,https://blinkit.com/cn/curd-yogurt/cid/14/123,,/images/p01931.svg
p01938,Epigamia Mixed Berries Flavoured Greek Yogurt - Pack of 3,207,,Curd Yogurt,Dairy & Breakfast,,https://blinkit.com/cn/curd-yogurt/cid/14/123,,/images/p01938.svg
p01933,Epigamia Natural Greek Yogurt (400 g) - Pack of 6,1425,,Curd Yogurt,Dairy & Breakfast,,https://blinkit.com/cn/curd-yogurt/cid/14/123,,/images/p01933.svg
p01916,Milky Mist Skyr High Protein Plain Yogurt,65,,Curd Yogurt,Dairy & Breakfast,,https://blinkit.com/cn/curd-yogurt/cid/14/123,,/images/p01916.svg
p01905,Mother Dairy Classic Pouch Curd,35,,Curd Yogurt,Dairy & Breakfast,,https://blinkit.com/cn/curd-yogurt/cid/14/123,,/images/p01905.svg
p01419,So Good High Protein Plant Based Soy Beverage,136,,Lactose Free Drink,Dairy & Breakfast,,https://blinkit.com/cn/lactose-free-drink/cid/12/2463,,/images/p01419.svg
p01267,Amul Protein Blueberry Shake (20 g protein),60,,Lassi Shakes More,Dairy & Breakfast,,https://blinkit.com/cn/lassi-shakes-more/cid/12/1184,,/images/p01267.svg
p02030,Amul Gold Full Cream Milk,36,,Milk,Dairy & Breakfast,,https://blinkit.com/cn/milk/cid/14/922,,/images/p02030.svg
p02031,Amul Taaza Toned Milk,17,,Milk,Dairy & Breakfast,,https://blinkit.com/cn/milk/cid/14/922,,/images/p02031.svg
p02034,Mother Dairy Full Cream Milk,36,,Milk,Dairy & Breakfast,,https://blinkit.com/cn/milk/cid/14/922,,/images/p02034.svg
p01223,Complan Kids Nutrition Drink Mix (Royal Chocolate),300,,Milk Drinks,Dairy & Breakfast,,https://blinkit.com/cn/milk-drinks/cid/12/960,,/images/p01223.svg
p01953,Quaker Rolled Instant Oats,86,,Oats,Dairy & Breakfast,,https://blinkit.com/cn/oats/cid/14/584,,/images/p01953.svg
p01952,Quaker Rolled Instant Oats Breakfast Cereal,160,,Oats,Dairy & Breakfast,,https://blinkit.com/cn/oats/cid/14/584,,/images/p01952.svg
p01961,Yoga Bar Premium Golden Rolled Oats (Gluten Free),230,,Oats,Dairy & Breakfast,,https://blinkit.com/cn/oats/cid/14/584,,/images/p01961.svg
p02057,Amul Fresh Malai Paneer,95,,Paneer Tofu,Dairy & Breakfast,,https://blinkit.com/cn/paneer-tofu/cid/14/923,,/images/p02057.svg
p02058,Mother Dairy Paneer,95,,Paneer Tofu,Dairy & Breakfast,,https://blinkit.com/cn/paneer-tofu/cid/14/923,,/images/p02058.svg
p07021,"Kent Stainless Steel Hand Blender (450 W, Silver)",1652,,Appliances,Electronics & Appliances,,https://blinkit.com/cn/appliances/cid/5159/1886,,/images/p07021.svg
p07032,Philips 8-in-1 Men's Beard Body Nose Hair Trimmer,1599,,Appliances,Electronics & Appliances,,https://blinkit.com/cn/appliances/cid/5159/1886,,/images/p07032.svg
p07027,Striff Blaze1 Camera Portable LED Light,518,,Appliances,Electronics & Appliances,,https://blinkit.com/cn/appliances/cid/5159/1886,,/images/p07027.svg
p06995,boAt Bassheads 95 Wired Earphones (Raging Red),279,,Audio Accessories,Electronics & Appliances,,https://blinkit.com/cn/audio-accessories/cid/5159/1840,,/images/p06995.svg
p06996,boAt Storm Call 3 Women's Edition HD Smart Watch (Salmon Peach),1299,,Audio Accessories,Electronics & Appliances,,https://blinkit.com/cn/audio-accessories/cid/5159/1840,,/images/p06996.svg
p06936,Ambrane 3A Fast USB A to Type C Cable (1.5 m),179,,Electronic Accessories,Electronics & Appliances,,https://blinkit.com/cn/electronic-accessories/cid/5159/1387,,/images/p06936.svg
p06935,Apple 20W USB-C Power Adapter,1799,,Electronic Accessories,Electronics & Appliances,,https://blinkit.com/cn/electronic-accessories/cid/5159/1387,,/images/p06935.svg
p06927,Caribou CBU - 02 Fire Retardant Extension Board,298,,Electronic Accessories,Electronics & Appliances,,https://blinkit.com/cn/electronic-accessories/cid/5159/1387,,/images/p06927.svg
p06926,Hammer 100W Fast Charging USB A to Type C Cable,199,,Electronic Accessories,Electronics & Appliances,,https://blinkit.com/cn/electronic-accessories/cid/5159/1387,,/images/p06926.svg
p06924,Hammer 27 W Type C to Lightning Cable,199,,Electronic Accessories,Electronics & Appliances,,https://blinkit.com/cn/electronic-accessories/cid/5159/1387,,/images/p06924.svg
p06925,Hammer 65W Fast Charging Type C to Type C Cable,199,,Electronic Accessories,Electronics & Appliances,,https://blinkit.com/cn/electronic-accessories/cid/5159/1387,,/images/p06925.svg
p06923,Lapcare Chillmate Laptop Cooling Pad (Black),679,,Electronic Accessories,Electronics & Appliances,,https://blinkit.com/cn/electronic-accessories/cid/5159/1387,,/images/p06923.svg
p06928,Lenovo Standard USB Type-C 65W Laptop Charger (65 W),1455,,Electronic Accessories,Electronics & Appliances,,https://blinkit.com/cn/electronic-accessories/cid/5159/1387,,/images/p06928.svg
p06929,Portronics 8 Pin Nylon Braided Type C to Lightning Cable,199,,Electronic Accessories,Electronics & Appliances,,https://blinkit.com/cn/electronic-accessories/cid/5159/1387,,/images/p06929.svg
p06930,Zebronics Companion 116-K Wireless Keyboard (Black),549,,Electronic Accessories,Electronics & Appliances,,https://blinkit.com/cn/electronic-accessories/cid/5159/1387,,/images/p06930.svg
p06937,boAt iPhone Super Charging Adapter (20 W),549,,Electronic Accessories,Electronics & Appliances,,https://blinkit.com/cn/electronic-accessories/cid/5159/1387,,/images/p06937.svg
p06423,Fresh Rosemary,33,,Exotics,Fruits & Vegetables,,https://blinkit.com/cn/exotics/cid/1487/278,,/images/p06423.svg
p06478,Neem Leaves,16,,Flowers Leaves,Fruits & Vegetables,,https://blinkit.com/cn/flowers-leaves/cid/1487/1452,,/images/p06478.svg
p06492,Ugaoo Golden Money Plant In Self Watering Pot,289,,Flowers Leaves,Fruits & Vegetables,,https://blinkit.com/cn/flowers-leaves/cid/1487/1452,,/images/p06492.svg
p06493,Ugaoo Syngonium Pink Premium Plant with White Ibiza Pot,239,,Flowers Leaves,Fruits & Vegetables,,https://blinkit.com/cn/flowers-leaves/cid/1487/1452,,/images/p06493.svg
p06500,Desi Tomato - Pack of 2 (Tamatar),53,,Fresh Vegetables,Fruits & Vegetables,,https://blinkit.com/cn/fresh-vegetables/cid/1487/1489,,/images/p06500.svg
p06497,Green Chilli (Hari Mirch),16,,Fresh Vegetables,Fruits & Vegetables,,https://blinkit.com/cn/fresh-vegetables/cid/1487/1489,,/images/p06497.svg
p06499,Lemon,22,,Fresh Vegetables,Fruits & Vegetables,,https://blinkit.com/cn/fresh-vegetables/cid/1487/1489,,/images/p06499.svg
p06496,Onion (Pyaz),41,,Fresh Vegetables,Fruits & Vegetables,,https://blinkit.com/cn/fresh-vegetables/cid/1487/1489,,/images/p06496.svg
p06495,Onion Pack of 2 (Pyaz),81,,Fresh Vegetables,Fruits & Vegetables,,https://blinkit.com/cn/fresh-vegetables/cid/1487/1489,,/images/p06495.svg
p06498,Orange Carrot (Gajar),20,,Fresh Vegetables,Fruits & Vegetables,,https://blinkit.com/cn/fresh-vegetables/cid/1487/1489,,/images/p06498.svg
p00161,Banana,48,,Vegetables Fruits,Fruits & Vegetables,Fruits,https://blinkit.com/cn/vegetables-fruits/fruits/cid/1487/1503,,/images/p00161.svg
p00188,Organically Grown Brown Coconut,54,,Vegetables Fruits,Fruits & Vegetables,Fruits,https://blinkit.com/cn/vegetables-fruits/fruits/cid/1487/1503,,/images/p00188.svg
p00177,Thai Guava (Amrud),124,,Vegetables Fruits,Fruits & Vegetables,Fruits,https://blinkit.com/cn/vegetables-fruits/fruits/cid/1487/1503,,/images/p00177.svg
p02737,Fortune Sooji - Pack of 2,77,,Besan Sooji Maida,Grocery Staples,,https://blinkit.com/cn/besan-sooji-maida/cid/16/1166,,/images/p02737.svg
p05630,Mother's Recipe Tamarind Paste,59,,Cooking Sauces Vinegar,Grocery Staples,,https://blinkit.com/cn/cooking-sauces-vinegar/cid/972/929,,/images/p05630.svg
p02403,Pillsbury Pancake Mix (Butterscotch),217,,Dessert Cake Mixes,Grocery Staples,,https://blinkit.com/cn/dessert-cake-mixes/cid/15/970,,/images/p02403.svg
p06680,Dates Laddu by Sweet Karam Coffee (No Added Sugar) - Pack of 2,728,,Dry Fruit Gift Packs,Grocery Staples,,https://blinkit.com/cn/dry-fruit-gift-packs/cid/1557/1602,,/images/p06680.svg
p00037,Rosier Bilona A2 Gir Ghee (Made from Curd),2024,,Grocery Staples,Grocery Staples,Ghee Vanaspati,https://blinkit.com/cn/grocery-staples/ghee-vanaspati/cid/16/1158,,/images/p00037.svg
p02535,Orika Red Chilli Flakes Sprinkler,76,,Herbs Seasoning,Grocery Staples,,https://blinkit.com/cn/herbs-seasoning/cid/15/1968,,/images/p02535.svg
p02648,Tata Sampann Unpolished Green Moong (Sabut) Whole,86,,Moong Masoor,Grocery Staples,,https://blinkit.com/cn/moong-masoor/cid/16/505,,/images/p02648.svg
p02643,Tata Sampann Unpolished Masoor Dal,81,,Moong Masoor,Grocery Staples,,https://blinkit.com/cn/moong-masoor/cid/16/505,,/images/p02643.svg
p02642,Tata Sampann Unpolished Yellow Moong Dal (Dhuli) Split,99,,Moong Masoor,Grocery Staples,,https://blinkit.com/cn/moong-masoor/cid/16/505,,/images/p02642.svg
p06564,"Tata Sampann Hing Powder,Compounded Asafoetida (Bandhani Hing) (Bandhani Hing)",124,,Powdered Spice,Grocery Staples,,https://blinkit.com/cn/powdered-spice/cid/1557/50,,/images/p06564.svg
p06954,Panda Night 5 W Decorative Lamp (USB Rechargeable with Gesture Control) - DesiDiya,408,,Decorative Lights Lamps,Home & Cleaning,,https://blinkit.com/cn/decorative-lights-lamps/cid/5159/1445,,/images/p06954.svg
p06293,Brass Aaradhya Akhand Diya by Shubhkart (9.5 x 12 cm),478,,Home Decor,Home & Cleaning,,https://blinkit.com/cn/home-decor/cid/1379/1433,,/images/p06293.svg
p00287,420 Rolling Tray - LIT,449,1 pc,Household Items,Home & Cleaning,,https://blinkit.com/cn/household-items/cid/18,https://cdn.grofers.com/da/cms-assets/cms/product/1ddec1da-514b-4b9e-a37e-ca9f82d61d4d.png,/images/p00287.svg
p00315,Hookah Pipe By Pravāh,325,1 pc,Household Items,Home & Cleaning,,https://blinkit.com/cn/household-items/cid/18,https://cdn.grofers.com/da/cms-assets/cms/product/ce9dc0fd-a800-4703-b563-df3414d7753e.png,/images/p00315.svg
p00223,Rin Detergent Bar,10,,Household Needs,Home & Cleaning,Laundry Detergents,https://blinkit.com/cn/household-needs/laundry-detergents/cid/18/983,,/images/p00223.svg
p00221,Surf Excel Easy Wash Detergent Powder,778,,Household Needs,Home & Cleaning,Laundry Detergents,https://blinkit.com/cn/household-needs/laundry-detergents/cid/18/983,,/images/p00221.svg
p00232,Surf Excel Quick Wash Detergent Powder,118,,Household Needs,Home & Cleaning,Laundry Detergents,https://blinkit.com/cn/household-needs/laundry-detergents/cid/18/983,,/images/p00232.svg
p00224,Surf Excel Stain Eraser Detergent Bar 80 g,10,,Household Needs,Home & Cleaning,Laundry Detergents,https://blinkit.com/cn/household-needs/laundry-detergents/cid/18/983,,/images/p00224.svg
p00222,Wheel Active 2 in 1 Detergent Powder,280,,Household Needs,Home & Cleaning,Laundry Detergents,https://blinkit.com/cn/household-needs/laundry-detergents/cid/18/983,,/images/p00222.svg
p03216,Godrej Fab Top Load Liquid Detergent Refill,412,,Liquid Detergents,Home & Cleaning,,https://blinkit.com/cn/liquid-detergents/cid/18/3882,,/images/p03216.svg
p06255,Beco Super Soft Bamboo Face Tissue Paper - Buy 3 Get 3 Free (2 Ply),229,,Tissues Disposables,Home & Cleaning,,https://blinkit.com/cn/tissues-disposables/cid/1379/1075,,/images/p06255.svg
p03021,Harpic Advanced Disinfectant Toilet Cleaner,123,,Toilet Bathroom Cleaners,Home & Cleaning,,https://blinkit.com/cn/toilet-bathroom-cleaners/cid/18/987,,/images/p03021.svg
p03022,Harpic Disinfectant Liquid Bathroom Cleaner (Lemon - 500 ml),120,,Toilet Bathroom Cleaners,Home & Cleaning,,https://blinkit.com/cn/toilet-bathroom-cleaners/cid/18/987,,/images/p03022.svg
p03019,Harpic Disinfectant Liquid Toilet Cleaner - (Original),209,,Toilet Bathroom Cleaners,Home & Cleaning,,https://blinkit.com/cn/toilet-bathroom-cleaners/cid/18/987,,/images/p03019.svg
p03020,Harpic Disinfectant Liquid Toilet Cleaner - (Original) Pack of 2,414,,Toilet Bathroom Cleaners,Home & Cleaning,,https://blinkit.com/cn/toilet-bathroom-cleaners/cid/18/987,,/images/p03020.svg
p03018,Harpic Disinfectant Liquid Toilet Cleaner - (Original) Pack of 3,548,,Toilet Bathroom Cleaners,Home & Cleaning,,https://blinkit.com/cn/toilet-bathroom-cleaners/cid/18/987,,/images/p03018.svg
p03028,Harpic Disinfectant Toilet Bleach (White and Shine) Pack of 2,212,,Toilet Bathroom Cleaners,Home & Cleaning,,https://blinkit.com/cn/toilet-bathroom-cleaners/cid/18/987,,/images/p03028.svg
p02468,Meatzza Krispy Fried Chicken (Frozen),323,,Frozen Non Veg Snacks,Instant & Frozen,,https://blinkit.com/cn/frozen-non-veg-snacks/cid/15/1412,,/images/p02468.svg
p00955,Amul Butterscotch Bliss Ice Cream Tub,215,,Ice Cream Frozen Dessert,Instant & Frozen,,https://blinkit.com/cn/ice-cream-frozen-dessert/cid/9/183,,/images/p00955.svg
p00973,Amul Chocolate Magic Sundae Ice Cream Tub,215,,Ice Cream Frozen Dessert,Instant & Frozen,,https://blinkit.com/cn/ice-cream-frozen-dessert/cid/9/183,,/images/p00973.svg
p00952,Amul Gold Duetz Mango Ice Cream Stick,20,,Ice Cream Frozen Dessert,Instant & Frozen,,https://blinkit.com/cn/ice-cream-frozen-dessert/cid/9/183,,/images/p00952.svg
p00951,Amul Vanilla Magic Ice Cream Tub,195,,Ice Cream Frozen Dessert,Instant & Frozen,,https://blinkit.com/cn/ice-cream-frozen-dessert/cid/9/183,,/images/p00951.svg
p00954,Havmor Slice Cassata Ice Cream,65,,Ice Cream Frozen Dessert,Instant & Frozen,,https://blinkit.com/cn/ice-cream-frozen-dessert/cid/9/183,,/images/p00954.svg
p00953,Huber & Holly Hazelnut Mudslide Mini Ice Cream Cone,199,,Ice Cream Frozen Dessert,Instant & Frozen,,https://blinkit.com/cn/ice-cream-frozen-dessert/cid/9/183,,/images/p00953.svg
p00956,Kwality Wall's Cornetto Butterscotch Frozen Dessert Cone,40,,Ice Cream Frozen Dessert,Instant & Frozen,,https://blinkit.com/cn/ice-cream-frozen-dessert/cid/9/183,,/images/p00956.svg
p00950,Kwality Wall's Cornetto Double Chocolate Frozen Dessert Cone,40,,Ice Cream Frozen Dessert,Instant & Frozen,,https://blinkit.com/cn/ice-cream-frozen-dessert/cid/9/183,,/images/p00950.svg
p00949,Kwality Wall's Feast Cadbury Crackle Frozen Dessert Stick,194,,Ice Cream Frozen Dessert,Instant & Frozen,,https://blinkit.com/cn/ice-cream-frozen-dessert/cid/9/183,,/images/p00949.svg
p00964,Mother Dairy Dubblez Vanilla & Mango Ice Cream Tub,190,,Ice Cream Frozen Dessert,Instant & Frozen,,https://blinkit.com/cn/ice-cream-frozen-dessert/cid/9/183,,/images/p00964.svg
p00126,Maggi Nutrilicious Veg Atta Noodles Made with Only Atta Flour,97,,Noodles Pasta Instant,Instant & Frozen,Pasta Noodles,https://blinkit.com/cn/noodles-pasta-instant/pasta-noodles/cid/15/962,,/images/p00126.svg
p02432,Cornitos Sliced Jalapeno Peppers - Pack of 3,369,,Ready To Cook Eat,Instant & Frozen,,https://blinkit.com/cn/ready-to-cook-eat/cid/15/1294,,/images/p02432.svg
p02299,Knorr Spicy Korean Kimchi Soup with No Added Preservatives,62,,Soup,Instant & Frozen,,https://blinkit.com/cn/soup/cid/15/964,,/images/p02299.svg
p02190,Real Thai Rice Vermicelli,270,,Vermicelli,Instant & Frozen,,https://blinkit.com/cn/vermicelli/cid/14/1140,,/images/p02190.svg
p07861,Femora Clear Beer Mug (Glass),119,,Barware,Kitchen & Dining,,https://blinkit.com/cn/barware/cid/8058/8060,,/images/p07861.svg
p08019,Borosil Go Sport Thermal Bottle (Black),809,,Bottles Flasks,Kitchen & Dining,,https://blinkit.com/cn/bottles-flasks/cid/8058/8100,,/images/p08019.svg
p08035,MuscleBlaze Gym Shaker (Silver),499,,Bottles Flasks,Kitchen & Dining,,https://blinkit.com/cn/bottles-flasks/cid/8058/8100,,/images/p08035.svg
p07913,Lifelong 3 Plates Idli Maker (Stainless Steel),707,,Cookware Sets,Kitchen & Dining,,https://blinkit.com/cn/cookware-sets/cid/8058/8062,,/images/p07913.svg
p07919,Prestige Nakshatra Plus Svachh Handi 10760 HA Nak+ IL Handi Pressure Cooker (Hard Anodised),2039,,Cookware Sets,Kitchen & Dining,,https://blinkit.com/cn/cookware-sets/cid/8058/8062,,/images/p07919.svg
p07890,Irida Naturals Wheat Straw Plate Set (Multicolour),499,,Dining And Serveware,Kitchen & Dining,,https://blinkit.com/cn/dining-and-serveware/cid/8058/8061,,/images/p07890.svg
p08043,Swastika Indian White Marble Chakla - Roti Maker (Marble),419,,Kitchen Accessories,Kitchen & Dining,,https://blinkit.com/cn/kitchen-accessories/cid/8058/8101,,/images/p08043.svg
p07937,Nayasa Plastic Fusion Container Set,383,,Storage Containers,Kitchen & Dining,,https://blinkit.com/cn/storage-containers/cid/8058/8063,,/images/p07937.svg
p00356,Licious Chicken Curry Cut (Small Pieces),215,,Chicken,Meat Fish & Eggs,,https://blinkit.com/cn/chicken/cid/4/1362,,/images/p00356.svg
p02205,Happinest White Eggs,88,,Eggs,Meat Fish & Eggs,,https://blinkit.com/cn/eggs/cid/14/1200,,/images/p02205.svg
p02212,Hen Fruit -30 Max Protein Speciality Eggs,439,,Eggs,Meat Fish & Eggs,,https://blinkit.com/cn/eggs/cid/14/1200,,/images/p02212.svg
p02210,Licious Brown Eggs,123,,Eggs,Meat Fish & Eggs,,https://blinkit.com/cn/eggs/cid/14/1200,,/images/p02210.svg
p02196,Licious Farm Fresh Classic White Protein Rich Eggs,106,,Eggs,Meat Fish & Eggs,,https://blinkit.com/cn/eggs/cid/14/1200,,/images/p02196.svg
p02193,Nutrich Farm Fresh Protein Rich Eggs,61,,Eggs,Meat Fish & Eggs,,https://blinkit.com/cn/eggs/cid/14/1200,,/images/p02193.svg
p02195,Table White Eggs (6 pcs),66,,Eggs,Meat Fish & Eggs,,https://blinkit.com/cn/eggs/cid/14/1200,,/images/p02195.svg
p02194,Table White White Eggs,305,,Eggs,Meat Fish & Eggs,,https://blinkit.com/cn/eggs/cid/14/1200,,/images/p02194.svg
p00350,Dam Good Fish Rohu Curry Cut with Head,152,,Fish Seafood,Meat Fish & Eggs,,https://blinkit.com/cn/fish-seafood/cid/4/1361,,/images/p00350.svg
p00348,Godrej Real Good Large Prawns Peeled & Devined,250,,Fish Seafood,Meat Fish & Eggs,,https://blinkit.com/cn/fish-seafood/cid/4/1361,,/images/p00348.svg
p00347,ITC Master Chef Large Prawns Peeled & Deveined,226,,Fish Seafood,Meat Fish & Eggs,,https://blinkit.com/cn/fish-seafood/cid/4/1361,,/images/p00347.svg
p00349,ITC Master Chef Medium Prawns with Piri Piri Masala,200,,Fish Seafood,Meat Fish & Eggs,,https://blinkit.com/cn/fish-seafood/cid/4/1361,,/images/p00349.svg
p00416,Delichic Herbs Chicken Sausage (Frozen),138,,Sausage Salami Ham,Meat Fish & Eggs,,https://blinkit.com/cn/sausage-salami-ham/cid/4/1388,,/images/p00416.svg
p00401,Godrej Yummiez Pepper & Herb Chicken Salami (Frozen),165,,Sausage Salami Ham,Meat Fish & Eggs,,https://blinkit.com/cn/sausage-salami-ham/cid/4/1388,,/images/p00401.svg
p00399,Prasuma Chicken Ham,200,,Sausage Salami Ham,Meat Fish & Eggs,,https://blinkit.com/cn/sausage-salami-ham/cid/4/1388,,/images/p00399.svg
p01894,Herbal Brews Natural Cleansing Detox Foot Patch,299,,Body Skin Care,Personal Care,,https://blinkit.com/cn/body-skin-care/cid/13/206,,/images/p01894.svg
p03515,Nivea Men Fresh Active Men's Roll On,185,,Deodorant Talc,Personal Care,,https://blinkit.com/cn/deodorant-talc/cid/163/1115,,/images/p03515.svg
p03277,Joy Pure Aloe Multi Benefit Moisturizing Cream,143,,Face Body Moisturizers,Personal Care,,https://blinkit.com/cn/face-body-moisturizers/cid/163/690,,/images/p03277.svg
p03561,The Derma Co Sali-Cinamide Anti-Acne Face Wash,224,,Face Cleaning,Personal Care,,https://blinkit.com/cn/face-cleaning/cid/163/1117,,/images/p03561.svg
p03348,Dettol Liquid Hand Wash Refill Pouch (Original Germ Protection),173,,Handwash,Personal Care,,https://blinkit.com/cn/handwash/cid/163/699,,/images/p03348.svg
p04042,SynoCare Disposable Surgical Mask (Black),365,,Masks Sanitizers,Personal Care,,https://blinkit.com/cn/masks-sanitizers/cid/287/1826,,/images/p04042.svg
p03415,Closeup Everfresh+ Gel Toothpaste (Red Hot),117,,Oral Care,Personal Care,,https://blinkit.com/cn/oral-care/cid/163/722,,/images/p03415.svg
p00471,PurePet Odor Control Lavender Cat Litter,285,,Cat Needs,Pet Care,,https://blinkit.com/cn/cat-needs/cid/5/3715,,/images/p00471.svg
p00472,Sheba Melty Creamy Cat Treat (Sasami Selection Chicken & Whitefish Flavors),105,,Cat Needs,Pet Care,,https://blinkit.com/cn/cat-needs/cid/5/3715,,/images/p00472.svg
p00497,Boltz Dried Blood Worms Fish Food,319,,Diverse Pet Food,Pet Care,,https://blinkit.com/cn/diverse-pet-food/cid/5/3721,,/images/p00497.svg
p00483,Foodie Puppies Bird Food for Cockatiels,300,,Diverse Pet Food,Pet Care,,https://blinkit.com/cn/diverse-pet-food/cid/5/3721,,/images/p00483.svg
p00490,Foodie Puppies Taiyo Pluss Discovery Fish Food,199,,Diverse Pet Food,Pet Care,,https://blinkit.com/cn/diverse-pet-food/cid/5/3721,,/images/p00490.svg
p00494,Nature Forever Society Bird Food,199,,Diverse Pet Food,Pet Care,,https://blinkit.com/cn/diverse-pet-food/cid/5/3721,,/images/p00494.svg
p00528,HUFT Sara's Wholesome Fresh Dog Food - Classic Chicken & Brown Rice,238,,Dog Needs,Pet Care,,https://blinkit.com/cn/dog-needs/cid/5/3726,,/images/p00528.svg
p03845,THE MODERN RITUAL Lemon Anti Hangover Effervescent Tablets,189,,Hangover Cure,Pharma & Wellness,,https://blinkit.com/cn/hangover-cure/cid/287/189,,/images/p03845.svg
p04149,FreeStyle Libre 2 Plus Sensor – Continuous Glucose Monitor (CGM),4625,,Health Ortho Supports,Pharma & Wellness,,https://blinkit.com/cn/health-ortho-supports/cid/287/8746,,/images/p04149.svg
p03886,Vicks ZzzQuil Natura Melatonin Sleep Gummies,204,,Health Wellness Supplements,Pharma & Wellness,,https://blinkit.com/cn/health-wellness-supplements/cid/287/293,,/images/p03886.svg
p04173,Tata 1mg Compact Nebulizer (for Respiratory Care),1542,,Healthcare Devices Test Kits,Pharma & Wellness,,https://blinkit.com/cn/healthcare-devices-test-kits/cid/287/10878,,/images/p04173.svg
p04081,Silverex Ionic Gel,113,,Prescription Medicines,Pharma & Wellness,,https://blinkit.com/cn/prescription-medicines/cid/287/7275,,/images/p04081.svg
p03917,Nutrabay Gold Micronized Creatine Monohydrate (Orange),296,,Protein And Workout Supplements,Pharma & Wellness,,https://blinkit.com/cn/protein-and-workout-supplements/cid/287/308,,/images/p03917.svg
p03914,Wellcore Micronised Creatine,539,,Protein And Workout Supplements,Pharma & Wellness,,https://blinkit.com/cn/protein-and-workout-supplements/cid/287/308,,/images/p03914.svg
p03915,Wellcore Micronised Creatine (Tropical Tango),539,,Protein And Workout Supplements,Pharma & Wellness,,https://blinkit.com/cn/protein-and-workout-supplements/cid/287/308,,/images/p03915.svg
p04127,Prolyte Liquid ORS (Orange) - Pack of 3,95,,Pure Otc,Pharma & Wellness,,https://blinkit.com/cn/pure-otc/cid/287/8713,,/images/p04127.svg
p06348,Boldfit Gym Gallon Plastic Bottle - 2 L,448,,Sports Fitness,Pharma & Wellness,,https://blinkit.com/cn/sports-fitness/cid/1379/1992,,/images/p06348.svg
p06349,Boldfit Gym Supporter Trunks for Men (Black),329,,Sports Fitness,Pharma & Wellness,,https://blinkit.com/cn/sports-fitness/cid/1379/1992,,/images/p06349.svg
p06339,Boldfit Wrist Strap Supporter For Gym,199,,Sports Fitness,Pharma & Wellness,,https://blinkit.com/cn/sports-fitness/cid/1379/1992,,/images/p06339.svg
p06352,Cosco Stretch Resistance Band,399,,Sports Fitness,Pharma & Wellness,,https://blinkit.com/cn/sports-fitness/cid/1379/1992,,/images/p06352.svg
p06346,Lifelong Exercise Gym Gloves,176,,Sports Fitness,Pharma & Wellness,,https://blinkit.com/cn/sports-fitness/cid/1379/1992,,/images/p06346.svg
p05997,Bingo Mad Angles Achaari Masti Crisps / Chips,19,,Chips Crisps,Snacks & Munchies,,https://blinkit.com/cn/chips-crisps/cid/1237/940,,/images/p05997.svg
p05996,Bingo Mad Angles Achaari Masti Crisps / Chips - Pack of 3,51,,Chips Crisps,Snacks & Munchies,,https://blinkit.com/cn/chips-crisps/cid/1237/940,,/images/p05996.svg
p06001,Kurkure Masala Munch Crisps,20,,Chips Crisps,Snacks & Munchies,,https://blinkit.com/cn/chips-crisps/cid/1237/940,,/images/p06001.svg
p06000,Kurkure Masala Munch Crisps - Pack of 3,54,,Chips Crisps,Snacks & Munchies,,https://blinkit.com/cn/chips-crisps/cid/1237/940,,/images/p06000.svg
p06005,Lay's American Style Cream & Onion Potato Chips,25,,Chips Crisps,Snacks & Munchies,,https://blinkit.com/cn/chips-crisps/cid/1237/940,,/images/p06005.svg
p05999,Lay's India's Magic Masala Potato Chips,25,,Chips Crisps,Snacks & Munchies,,https://blinkit.com/cn/chips-crisps/cid/1237/940,,/images/p05999.svg
p05998,Uncle Chipps Spicy Treat Flavour Potato Chips,20,,Chips Crisps,Snacks & Munchies,,https://blinkit.com/cn/chips-crisps/cid/1237/940,,/images/p05998.svg
p02578,Green Protein Crave Protein Bar,627,,Energy Bars,Snacks & Munchies,,https://blinkit.com/cn/energy-bars/cid/15/2557,,/images/p02578.svg
p02581,Phab 10g Protein Cookies & Cream Millet Wafer Bar,56,,Energy Bars,Snacks & Munchies,,https://blinkit.com/cn/energy-bars/cid/15/2557,,/images/p02581.svg
p02580,RiteBite Max Protein Daily Choco Almond 10 g Protein Bar,80,,Energy Bars,Snacks & Munchies,,https://blinkit.com/cn/energy-bars/cid/15/2557,,/images/p02580.svg
p02579,RiteBite Max Protein Daily Choco Almond 10 g Protein Bar - Pack of 2,156,,Energy Bars,Snacks & Munchies,,https://blinkit.com/cn/energy-bars/cid/15/2557,,/images/p02579.svg
p02588,RiteBite Max Protein Daily Choco Berry 10 g Protein Bar,80,,Energy Bars,Snacks & Munchies,,https://blinkit.com/cn/energy-bars/cid/15/2557,,/images/p02588.svg
p02589,RiteBite Max Protein Daily Choco Berry 10 g Protein Bar - Pack of 2,156,,Energy Bars,Snacks & Munchies,,https://blinkit.com/cn/energy-bars/cid/15/2557,,/images/p02589.svg
p02587,RiteBite Max Protein Daily Choco Berry 10 g Protein Bar - Pack of 4,304,,Energy Bars,Snacks & Munchies,,https://blinkit.com/cn/energy-bars/cid/15/2557,,/images/p02587.svg
p02591,SuperYou Chocolate Wafer Protein Bar - Pack of 4,205,,Energy Bars,Snacks & Munchies,,https://blinkit.com/cn/energy-bars/cid/15/2557,,/images/p02591.svg
p02585,SuperYou Strawberry Creme Wafer Protein Bar,57,,Energy Bars,Snacks & Munchies,,https://blinkit.com/cn/energy-bars/cid/15/2557,,/images/p02585.svg
p02586,SuperYou Strawberry Creme Wafer Protein Bar - Pack of 2,105,,Energy Bars,Snacks & Munchies,,https://blinkit.com/cn/energy-bars/cid/15/2557,,/images/p02586.svg
p02584,SuperYou Strawberry Creme Wafer Protein Bar - Pack of 4,205,,Energy Bars,Snacks & Munchies,,https://blinkit.com/cn/energy-bars/cid/15/2557,,/images/p02584.svg
p02629,"Yoga Bar 20 g Protein Bar, Coffee Rush, No Added Sugar",99,,Energy Bars,Snacks & Munchies,,https://blinkit.com/cn/energy-bars/cid/15/2557,,/images/p02629.svg
p02590,Yoga Bar Cookies & Cream 10g Protein Wafer Bar,42,,Energy Bars,Snacks & Munchies,,https://blinkit.com/cn/energy-bars/cid/15/2557,,/images/p02590.svg
p05969,Mr. Makhana Himalayan Salt & Pepper Flavoured Makhana,150,,Makhana More,Snacks & Munchies,,https://blinkit.com/cn/makhana-more/cid/1237/816,,/images/p05969.svg
p05970,Only Truth Premium Makhana,269,,Makhana More,Snacks & Munchies,,https://blinkit.com/cn/makhana-more/cid/1237/816,,/images/p05970.svg
p05744,Haldiram's Boondi,55,,Namkeen Snacks,Snacks & Munchies,,https://blinkit.com/cn/namkeen-snacks/cid/1237/29,,/images/p05744.svg
p05743,Haldiram's Classic Salted Peanuts,60,,Namkeen Snacks,Snacks & Munchies,,https://blinkit.com/cn/namkeen-snacks/cid/1237/29,,/images/p05743.svg
p05745,Haldiram's Gupshup Peanuts,60,,Namkeen Snacks,Snacks & Munchies,,https://blinkit.com/cn/namkeen-snacks/cid/1237/29,,/images/p05745.svg
p05742,Let's Try Signature Amritsari Tadka Namkeen,51,,Namkeen Snacks,Snacks & Munchies,,https://blinkit.com/cn/namkeen-snacks/cid/1237/29,,/images/p05742.svg
p05741,Let's Try Signature Amritsari Tadka Namkeen - Pack of 2,101,,Namkeen Snacks,Snacks & Munchies,,https://blinkit.com/cn/namkeen-snacks/cid/1237/29,,/images/p05741.svg
p05746,Let's Try Signature Chana Dal Namkeen - Pack of 2,101,,Namkeen Snacks,Snacks & Munchies,,https://blinkit.com/cn/namkeen-snacks/cid/1237/29,,/images/p05746.svg
p05852,"4700BC Hawaiian Barbeque Cheese Popcorn, Gourmet - Pack of 2",91,,Popcorn,Snacks & Munchies,,https://blinkit.com/cn/popcorn/cid/1237/156,,/images/p05852.svg
p05875,4700BC Instant Barbeque Popcorn Jumbo Size,27,,Popcorn,Snacks & Munchies,,https://blinkit.com/cn/popcorn/cid/1237/156,,/images/p05875.svg
p05877,4700BC Instant Natural Popcorn Jumbo Size - Pack of 3,78,,Popcorn,Snacks & Munchies,,https://blinkit.com/cn/popcorn/cid/1237/156,,/images/p05877.svg
p05867,4700BC Microwave Cheese Popcorn with Seasoning - Pack of 3,215,,Popcorn,Snacks & Munchies,,https://blinkit.com/cn/popcorn/cid/1237/156,,/images/p05867.svg
p05831,Act II Golden Sizzle Popcorn - Instant - Pack of 3,29,,Popcorn,Snacks & Munchies,,https://blinkit.com/cn/popcorn/cid/1237/156,,/images/p05831.svg
p01103,Alpenliebe Eclairs Toffee Bouquet,213,,Candies Gum,Sweet Tooth,,https://blinkit.com/cn/candies-gum/cid/9/1930,,/images/p01103.svg
p01091,Ultra Mintz Sensational Strawberry Mint Candies (Sugar Free),150,,Candies Gum,Sweet Tooth,,https://blinkit.com/cn/candies-gum/cid/9/1930,,/images/p01091.svg
p01167,4700BC Nutty Tuxedo Chocolate Gourmet Popcorn Tin,428,,Chocolate Gift Pack,Sweet Tooth,,https://blinkit.com/cn/chocolate-gift-pack/cid/9/2379,,/images/p01167.svg
p01155,Lindt Lindor Assorted Chocolate Gift Pack,1199,,Chocolate Gift Pack,Sweet Tooth,,https://blinkit.com/cn/chocolate-gift-pack/cid/9/2379,,/images/p01155.svg
p01057,Choki Choki Chocomilk Shaped Chocolates,113,,Chocolate Packs,Sweet Tooth,,https://blinkit.com/cn/chocolate-packs/cid/9/1173,,/images/p01057.svg
p01062,Galaxy Smooth Milk Minis Chocolate Pack,115,,Chocolate Packs,Sweet Tooth,,https://blinkit.com/cn/chocolate-packs/cid/9/1173,,/images/p01062.svg
p00997,Rasgulla by Haldiram's,240,,Indian Sweets,Sweet Tooth,,https://blinkit.com/cn/indian-sweets/cid/9/943,,/images/p00997.svg
