id,brand,name,category,save_as,search_query
"p00037","Rosier","Rosier Bilona A2 Gir Ghee (Made from Curd)","Grocery Staples","img/p00037.jpg","Rosier Rosier Bilona A2 Gir Ghee (Made from Curd)"
"p00126","Maggi","Maggi Nutrilicious Veg Atta Noodles Made with Only Atta Flour","Instant & Frozen","img/p00126.jpg","Maggi Maggi Nutrilicious Veg Atta Noodles Made with Only Atta Flour"
"p00161","Banana","Banana","Fruits & Vegetables","img/p00161.jpg","Banana Banana"
"p00177","Thai","Thai Guava (Amrud)","Fruits & Vegetables","img/p00177.jpg","Thai Thai Guava (Amrud)"
"p00188","Organically","Organically Grown Brown Coconut","Fruits & Vegetables","img/p00188.jpg","Organically Organically Grown Brown Coconut"
"p00221","Surf Excel","Surf Excel Easy Wash Detergent Powder","Home & Cleaning","img/p00221.jpg","Surf Excel Surf Excel Easy Wash Detergent Powder"
"p00222","Wheel","Wheel Active 2 in 1 Detergent Powder","Home & Cleaning","img/p00222.jpg","Wheel Wheel Active 2 in 1 Detergent Powder"
"p00223","Rin","Rin Detergent Bar","Home & Cleaning","img/p00223.jpg","Rin Rin Detergent Bar"
"p00224","Surf Excel","Surf Excel Stain Eraser Detergent Bar 80 g","Home & Cleaning","img/p00224.jpg","Surf Excel Surf Excel Stain Eraser Detergent Bar 80 g"
"p00232","Surf Excel","Surf Excel Quick Wash Detergent Powder","Home & Cleaning","img/p00232.jpg","Surf Excel Surf Excel Quick Wash Detergent Powder"
"p00287","420","420 Rolling Tray - LIT","Home & Cleaning","img/p00287.jpg","420 420 Rolling Tray - LIT"
"p00315","Hookah","Hookah Pipe By Pravāh","Home & Cleaning","img/p00315.jpg","Hookah Hookah Pipe By Pravāh"
"p00347","ITC","ITC Master Chef Large Prawns Peeled & Deveined","Meat Fish & Eggs","img/p00347.jpg","ITC ITC Master Chef Large Prawns Peeled & Deveined"
"p00348","Godrej","Godrej Real Good Large Prawns Peeled & Devined","Meat Fish & Eggs","img/p00348.jpg","Godrej Godrej Real Good Large Prawns Peeled & Devined"
"p00349","ITC","ITC Master Chef Medium Prawns with Piri Piri Masala","Meat Fish & Eggs","img/p00349.jpg","ITC ITC Master Chef Medium Prawns with Piri Piri Masala"
"p00350","Dam","Dam Good Fish Rohu Curry Cut with Head","Meat Fish & Eggs","img/p00350.jpg","Dam Dam Good Fish Rohu Curry Cut with Head"
"p00356","Licious","Licious Chicken Curry Cut (Small Pieces)","Meat Fish & Eggs","img/p00356.jpg","Licious Licious Chicken Curry Cut (Small Pieces)"
"p00399","Prasuma","Prasuma Chicken Ham","Meat Fish & Eggs","img/p00399.jpg","Prasuma Prasuma Chicken Ham"
"p00401","Godrej","Godrej Yummiez Pepper & Herb Chicken Salami (Frozen)","Meat Fish & Eggs","img/p00401.jpg","Godrej Godrej Yummiez Pepper & Herb Chicken Salami (Frozen)"
"p00416","Delichic","Delichic Herbs Chicken Sausage (Frozen)","Meat Fish & Eggs","img/p00416.jpg","Delichic Delichic Herbs Chicken Sausage (Frozen)"
"p00471","PurePet","PurePet Odor Control Lavender Cat Litter","Pet Care","img/p00471.jpg","PurePet PurePet Odor Control Lavender Cat Litter"
"p00472","Sheba","Sheba Melty Creamy Cat Treat (Sasami Selection Chicken & Whitefish Flavors)","Pet Care","img/p00472.jpg","Sheba Sheba Melty Creamy Cat Treat (Sasami Selection Chicken & Whitefish Flavors)"
"p00483","Foodie","Foodie Puppies Bird Food for Cockatiels","Pet Care","img/p00483.jpg","Foodie Foodie Puppies Bird Food for Cockatiels"
"p00490","Foodie","Foodie Puppies Taiyo Pluss Discovery Fish Food","Pet Care","img/p00490.jpg","Foodie Foodie Puppies Taiyo Pluss Discovery Fish Food"
"p00494","Nature","Nature Forever Society Bird Food","Pet Care","img/p00494.jpg","Nature Nature Forever Society Bird Food"
"p00497","Boltz","Boltz Dried Blood Worms Fish Food","Pet Care","img/p00497.jpg","Boltz Boltz Dried Blood Worms Fish Food"
"p00528","HUFT","HUFT Sara's Wholesome Fresh Dog Food - Classic Chicken & Brown Rice","Pet Care","img/p00528.jpg","HUFT HUFT Sara's Wholesome Fresh Dog Food - Classic Chicken & Brown Rice"
"p00597","LuvLap","LuvLap Anti Spill Baby Sipper (150 ml, Green)","Baby Care","img/p00597.jpg","LuvLap LuvLap Anti Spill Baby Sipper (150 ml, Green)"
"p00628","Oyo","Oyo Baby Blanket (Pink)","Baby Care","img/p00628.jpg","Oyo Oyo Baby Blanket (Pink)"
"p00651","Little's","Little's Soft Cleansing Baby Wipes Lid Pack | Wet Wipes - Pack of 2","Baby Care","img/p00651.jpg","Little's Little's Soft Cleansing Baby Wipes Lid Pack | Wet Wipes - Pack of 2"
"p00673","Mother","Mother Sparsh Plant Powered Natural Baby Wipes","Baby Care","img/p00673.jpg","Mother Mother Sparsh Plant Powered Natural Baby Wipes"
"p00809","Tuco","Tuco Kids Kids Soap","Baby Care","img/p00809.jpg","Tuco Tuco Kids Kids Soap"
"p00855","Amul","Amulspray Baby Milk Powder","Baby Care","img/p00855.jpg","Amul Amulspray Baby Milk Powder"
"p00943","Apex","Apex Piano Gym Baby Play Mat (0+ months)","Baby Care","img/p00943.jpg","Apex Apex Piano Gym Baby Play Mat (0+ months)"
"p00949","Kwality Wall","Kwality Wall's Feast Cadbury Crackle Frozen Dessert Stick","Instant & Frozen","img/p00949.jpg","Kwality Wall Kwality Wall's Feast Cadbury Crackle Frozen Dessert Stick"
"p00950","Kwality Wall","Kwality Wall's Cornetto Double Chocolate Frozen Dessert Cone","Instant & Frozen","img/p00950.jpg","Kwality Wall Kwality Wall's Cornetto Double Chocolate Frozen Dessert Cone"
"p00951","Amul","Amul Vanilla Magic Ice Cream Tub","Instant & Frozen","img/p00951.jpg","Amul Amul Vanilla Magic Ice Cream Tub"
"p00952","Amul","Amul Gold Duetz Mango Ice Cream Stick","Instant & Frozen","img/p00952.jpg","Amul Amul Gold Duetz Mango Ice Cream Stick"
"p00953","Huber","Huber & Holly Hazelnut Mudslide Mini Ice Cream Cone","Instant & Frozen","img/p00953.jpg","Huber Huber & Holly Hazelnut Mudslide Mini Ice Cream Cone"
"p00954","Havmor","Havmor Slice Cassata Ice Cream","Instant & Frozen","img/p00954.jpg","Havmor Havmor Slice Cassata Ice Cream"
"p00955","Amul","Amul Butterscotch Bliss Ice Cream Tub","Instant & Frozen","img/p00955.jpg","Amul Amul Butterscotch Bliss Ice Cream Tub"
"p00956","Kwality Wall","Kwality Wall's Cornetto Butterscotch Frozen Dessert Cone","Instant & Frozen","img/p00956.jpg","Kwality Wall Kwality Wall's Cornetto Butterscotch Frozen Dessert Cone"
"p00964","Mother Dairy","Mother Dairy Dubblez Vanilla & Mango Ice Cream Tub","Instant & Frozen","img/p00964.jpg","Mother Dairy Mother Dairy Dubblez Vanilla & Mango Ice Cream Tub"
"p00973","Amul","Amul Chocolate Magic Sundae Ice Cream Tub","Instant & Frozen","img/p00973.jpg","Amul Amul Chocolate Magic Sundae Ice Cream Tub"
"p00997","Rasgulla","Rasgulla by Haldiram's","Sweet Tooth","img/p00997.jpg","Rasgulla Rasgulla by Haldiram's"
"p01057","Choki","Choki Choki Chocomilk Shaped Chocolates","Sweet Tooth","img/p01057.jpg","Choki Choki Choki Chocomilk Shaped Chocolates"
"p01062","Galaxy","Galaxy Smooth Milk Minis Chocolate Pack","Sweet Tooth","img/p01062.jpg","Galaxy Galaxy Smooth Milk Minis Chocolate Pack"
"p01091","Ultra","Ultra Mintz Sensational Strawberry Mint Candies (Sugar Free)","Sweet Tooth","img/p01091.jpg","Ultra Ultra Mintz Sensational Strawberry Mint Candies (Sugar Free)"
"p01103","Alpenliebe","Alpenliebe Eclairs Toffee Bouquet","Sweet Tooth","img/p01103.jpg","Alpenliebe Alpenliebe Eclairs Toffee Bouquet"
"p01155","Lindt","Lindt Lindor Assorted Chocolate Gift Pack","Sweet Tooth","img/p01155.jpg","Lindt Lindt Lindor Assorted Chocolate Gift Pack"
"p01167","4700BC","4700BC Nutty Tuxedo Chocolate Gourmet Popcorn Tin","Sweet Tooth","img/p01167.jpg","4700BC 4700BC Nutty Tuxedo Chocolate Gourmet Popcorn Tin"
"p01176","Cocosutra","Cocosutra Hazelnut Hot Chocolate","Beverages","img/p01176.jpg","Cocosutra Cocosutra Hazelnut Hot Chocolate"
"p01190","Brooke","Brooke Bond Taaza Tea","Beverages","img/p01190.jpg","Brooke Brooke Bond Taaza Tea"
"p01223","Complan","Complan Kids Nutrition Drink Mix (Royal Chocolate)","Dairy & Breakfast","img/p01223.jpg","Complan Complan Kids Nutrition Drink Mix (Royal Chocolate)"
"p01267","Amul","Amul Protein Blueberry Shake (20 g protein)","Dairy & Breakfast","img/p01267.jpg","Amul Amul Protein Blueberry Shake (20 g protein)"
"p01286","Nescafe","Nescafe Classic Black Roast Instant Coffee (Rich & Strong)","Beverages","img/p01286.jpg","Nescafe Nescafe Classic Black Roast Instant Coffee (Rich & Strong)"
"p01287","Nescafe","Nescafe Classic - 100% Pure Instant Coffee Powder","Beverages","img/p01287.jpg","Nescafe Nescafe Classic - 100% Pure Instant Coffee Powder"
"p01288","Nescafe","Nescafe Classic Pure Instant Coffee","Beverages","img/p01288.jpg","Nescafe Nescafe Classic Pure Instant Coffee"
"p01289","Sleepy","Sleepy Owl Assorted Instant Coffee","Beverages","img/p01289.jpg","Sleepy Sleepy Owl Assorted Instant Coffee"
"p01291","Bru","Bru Instant Coffee","Beverages","img/p01291.jpg","Bru Bru Instant Coffee"
"p01313","Tetley","Tetley Slim Care Green Tea Bags (With L-Carnitine, Lemon & Honey)","Beverages","img/p01313.jpg","Tetley Tetley Slim Care Green Tea Bags (With L-Carnitine, Lemon & Honey)"
"p01314","Lipton","Lipton Honey Lemon Green Tea Bags","Beverages","img/p01314.jpg","Lipton Lipton Honey Lemon Green Tea Bags"
"p01315","Girnar","Girnar Detox Desi Kahwa","Beverages","img/p01315.jpg","Girnar Girnar Detox Desi Kahwa"
"p01316","Lipton","Lipton Lemongrass Ginger Green Tea Bags","Beverages","img/p01316.jpg","Lipton Lipton Lemongrass Ginger Green Tea Bags"
"p01317","Tetley","Tetley Slim Care Green Tea Bags (With L-Carnitine, Ginger, Mint & Lemon)","Beverages","img/p01317.jpg","Tetley Tetley Slim Care Green Tea Bags (With L-Carnitine, Ginger, Mint & Lemon)"
"p01318","Tetley","Tetley Lemon & Honey Green Tea Bags","Beverages","img/p01318.jpg","Tetley Tetley Lemon & Honey Green Tea Bags"
"p01336","Blendart","Blendart Pure Chamomile Herbal Infusion Bags","Beverages","img/p01336.jpg","Blendart Blendart Pure Chamomile Herbal Infusion Bags"
"p01340","Vahdam","Vahdam Chamomile Mint Citrus Green Tea Bags","Beverages","img/p01340.jpg","Vahdam Vahdam Chamomile Mint Citrus Green Tea Bags"
"p01344","Nestea","Nestea Ice Tea Premix - Lemon Flavour","Beverages","img/p01344.jpg","Nestea Nestea Ice Tea Premix - Lemon Flavour"
"p01359","Amul","Amul Kool Cafe Hazelnut Flavoured Milk","Beverages","img/p01359.jpg","Amul Amul Kool Cafe Hazelnut Flavoured Milk"
"p01371","Flurys","Flurys Pure Chamomile Organic Herbal Infusion Bags","Beverages","img/p01371.jpg","Flurys Flurys Pure Chamomile Organic Herbal Infusion Bags"
"p01419","So","So Good High Protein Plant Based Soy Beverage","Dairy & Breakfast","img/p01419.jpg","So So Good High Protein Plant Based Soy Beverage"
"p01431","Blue Tea","Blue Tea Chamomile Flower Herbal Infusion","Beverages","img/p01431.jpg","Blue Tea Blue Tea Chamomile Flower Herbal Infusion"
"p01440","Kalprishi","Kalprishi Blue Pea Herbal Infusion","Beverages","img/p01440.jpg","Kalprishi Kalprishi Blue Pea Herbal Infusion"
"p01448","Tencha","Tencha Hibiscus Flower Herbal Tea","Beverages","img/p01448.jpg","Tencha Tencha Hibiscus Flower Herbal Tea"
"p01477","Laneige","Laneige Glowy Tinted Lip Balm (Blueberry)","Beauty","img/p01477.jpg","Laneige Laneige Glowy Tinted Lip Balm (Blueberry)"
"p01487","RENEE","RENEE Disney Moana Mini Tinted Lip Balm (Beachy Peachy)","Beauty","img/p01487.jpg","RENEE RENEE Disney Moana Mini Tinted Lip Balm (Beachy Peachy)"
"p01543","L'Oreal","L'Oreal Paris Casting Creme Gloss 400 Creme Hair Colour (Dark Brown)","Beauty","img/p01543.jpg","L'Oreal L'Oreal Paris Casting Creme Gloss 400 Creme Hair Colour (Dark Brown)"
"p01574","PHC","PHC Metal Hair Band (Black)","Beauty","img/p01574.jpg","PHC PHC Metal Hair Band (Black)"
"p01708","Lakme","Lakme 9To5 Powerplay Priming Matte Lipstick (Mauve Matter)","Beauty","img/p01708.jpg","Lakme Lakme 9To5 Powerplay Priming Matte Lipstick (Mauve Matter)"
"p01772","FAE","FAE Beauty Lip Whip Matte 12H Liquid Lipstick (Revenge)","Beauty","img/p01772.jpg","FAE FAE Beauty Lip Whip Matte 12H Liquid Lipstick (Revenge)"
"p01797","Faces","Faces Canada Ultime Pro Splash Mini Nail Paint Kit (Pastel Paradise)","Beauty","img/p01797.jpg","Faces Faces Canada Ultime Pro Splash Mini Nail Paint Kit (Pastel Paradise)"
"p01894","Herbal","Herbal Brews Natural Cleansing Detox Foot Patch","Personal Care","img/p01894.jpg","Herbal Herbal Brews Natural Cleansing Detox Foot Patch"
"p01905","Mother Dairy","Mother Dairy Classic Pouch Curd","Dairy & Breakfast","img/p01905.jpg","Mother Dairy Mother Dairy Classic Pouch Curd"
"p01916","Milky","Milky Mist Skyr High Protein Plain Yogurt","Dairy & Breakfast","img/p01916.jpg","Milky Milky Mist Skyr High Protein Plain Yogurt"
"p01931","Amul","Amul Probiotic High Protein Curd","Dairy & Breakfast","img/p01931.jpg","Amul Amul Probiotic High Protein Curd"
"p01933","Epigamia","Epigamia Natural Greek Yogurt (400 g) - Pack of 6","Dairy & Breakfast","img/p01933.jpg","Epigamia Epigamia Natural Greek Yogurt (400 g) - Pack of 6"
"p01938","Epigamia","Epigamia Mixed Berries Flavoured Greek Yogurt - Pack of 3","Dairy & Breakfast","img/p01938.jpg","Epigamia Epigamia Mixed Berries Flavoured Greek Yogurt - Pack of 3"
"p01952","Quaker","Quaker Rolled Instant Oats Breakfast Cereal","Dairy & Breakfast","img/p01952.jpg","Quaker Quaker Rolled Instant Oats Breakfast Cereal"
"p01953","Quaker","Quaker Rolled Instant Oats","Dairy & Breakfast","img/p01953.jpg","Quaker Quaker Rolled Instant Oats"
"p01961","Yoga Bar","Yoga Bar Premium Golden Rolled Oats (Gluten Free)","Dairy & Breakfast","img/p01961.jpg","Yoga Bar Yoga Bar Premium Golden Rolled Oats (Gluten Free)"
"p02030","Amul","Amul Gold Full Cream Milk","Dairy & Breakfast","img/p02030.jpg","Amul Amul Gold Full Cream Milk"
"p02031","Amul","Amul Taaza Toned Milk","Dairy & Breakfast","img/p02031.jpg","Amul Amul Taaza Toned Milk"
"p02034","Mother Dairy","Mother Dairy Full Cream Milk","Dairy & Breakfast","img/p02034.jpg","Mother Dairy Mother Dairy Full Cream Milk"
"p02057","Amul","Amul Fresh Malai Paneer","Dairy & Breakfast","img/p02057.jpg","Amul Amul Fresh Malai Paneer"
"p02058","Mother Dairy","Mother Dairy Paneer","Dairy & Breakfast","img/p02058.jpg","Mother Dairy Mother Dairy Paneer"
"p02086","Amul","Amul Salted Butter","Dairy & Breakfast","img/p02086.jpg","Amul Amul Salted Butter"
"p02087","Amul","Amul Salted Butter (200 g)","Dairy & Breakfast","img/p02087.jpg","Amul Amul Salted Butter (200 g)"
"p02090","Mother Dairy","Mother Dairy Salted Butter (500 g)","Dairy & Breakfast","img/p02090.jpg","Mother Dairy Mother Dairy Salted Butter (500 g)"
"p02102","English Oven","English Oven Zero Maida Atta/ Wheat Bread","Bakery & Biscuits","img/p02102.jpg","English Oven English Oven Zero Maida Atta/ Wheat Bread"
"p02103","Harvest Gold","Harvest Gold White Bread","Bakery & Biscuits","img/p02103.jpg","Harvest Gold Harvest Gold White Bread"
"p02104","Harvest Gold","Harvest Gold Atta Whole Wheat Bread","Bakery & Biscuits","img/p02104.jpg","Harvest Gold Harvest Gold Atta Whole Wheat Bread"
"p02105","English Oven","English Oven Brown Bread","Bakery & Biscuits","img/p02105.jpg","English Oven English Oven Brown Bread"
"p02125","Protein","Protein Chef 42g Protein Multigrain Bread - 5 Superfoods","Bakery & Biscuits","img/p02125.jpg","Protein Protein Chef 42g Protein Multigrain Bread - 5 Superfoods"
"p02169","Mother Dairy","Mother Dairy - Dairy Whitener - Pack of 2","Dairy & Breakfast","img/p02169.jpg","Mother Dairy Mother Dairy - Dairy Whitener - Pack of 2"
"p02170","Mother Dairy","Mother Dairy - Dairy Whitener","Dairy & Breakfast","img/p02170.jpg","Mother Dairy Mother Dairy - Dairy Whitener"
"p02190","Real","Real Thai Rice Vermicelli","Instant & Frozen","img/p02190.jpg","Real Real Thai Rice Vermicelli"
"p02193","Nutrich","Nutrich Farm Fresh Protein Rich Eggs","Meat Fish & Eggs","img/p02193.jpg","Nutrich Nutrich Farm Fresh Protein Rich Eggs"
"p02194","Table","Table White White Eggs","Meat Fish & Eggs","img/p02194.jpg","Table Table White White Eggs"
"p02195","Table","Table White Eggs (6 pcs)","Meat Fish & Eggs","img/p02195.jpg","Table Table White Eggs (6 pcs)"
"p02196","Licious","Licious Farm Fresh Classic White Protein Rich Eggs","Meat Fish & Eggs","img/p02196.jpg","Licious Licious Farm Fresh Classic White Protein Rich Eggs"
"p02205","Happinest","Happinest White Eggs","Meat Fish & Eggs","img/p02205.jpg","Happinest Happinest White Eggs"
"p02210","Licious","Licious Brown Eggs","Meat Fish & Eggs","img/p02210.jpg","Licious Licious Brown Eggs"
"p02212","Hen","Hen Fruit -30 Max Protein Speciality Eggs","Meat Fish & Eggs","img/p02212.jpg","Hen Hen Fruit -30 Max Protein Speciality Eggs"
"p02299","Knorr","Knorr Spicy Korean Kimchi Soup with No Added Preservatives","Instant & Frozen","img/p02299.jpg","Knorr Knorr Spicy Korean Kimchi Soup with No Added Preservatives"
"p02403","Pillsbury","Pillsbury Pancake Mix (Butterscotch)","Grocery Staples","img/p02403.jpg","Pillsbury Pillsbury Pancake Mix (Butterscotch)"
"p02432","Cornitos","Cornitos Sliced Jalapeno Peppers - Pack of 3","Instant & Frozen","img/p02432.jpg","Cornitos Cornitos Sliced Jalapeno Peppers - Pack of 3"
"p02468","Meatzza","Meatzza Krispy Fried Chicken (Frozen)","Instant & Frozen","img/p02468.jpg","Meatzza Meatzza Krispy Fried Chicken (Frozen)"
"p02535","Orika","Orika Red Chilli Flakes Sprinkler","Grocery Staples","img/p02535.jpg","Orika Orika Red Chilli Flakes Sprinkler"
"p02578","Green Protein","Green Protein Crave Protein Bar","Snacks & Munchies","img/p02578.jpg","Green Protein Green Protein Crave Protein Bar"
"p02579","RiteBite","RiteBite Max Protein Daily Choco Almond 10 g Protein Bar - Pack of 2","Snacks & Munchies","img/p02579.jpg","RiteBite RiteBite Max Protein Daily Choco Almond 10 g Protein Bar - Pack of 2"
"p02580","RiteBite","RiteBite Max Protein Daily Choco Almond 10 g Protein Bar","Snacks & Munchies","img/p02580.jpg","RiteBite RiteBite Max Protein Daily Choco Almond 10 g Protein Bar"
"p02581","Phab","Phab 10g Protein Cookies & Cream Millet Wafer Bar","Snacks & Munchies","img/p02581.jpg","Phab Phab 10g Protein Cookies & Cream Millet Wafer Bar"
"p02584","SuperYou","SuperYou Strawberry Creme Wafer Protein Bar - Pack of 4","Snacks & Munchies","img/p02584.jpg","SuperYou SuperYou Strawberry Creme Wafer Protein Bar - Pack of 4"
"p02585","SuperYou","SuperYou Strawberry Creme Wafer Protein Bar","Snacks & Munchies","img/p02585.jpg","SuperYou SuperYou Strawberry Creme Wafer Protein Bar"
"p02586","SuperYou","SuperYou Strawberry Creme Wafer Protein Bar - Pack of 2","Snacks & Munchies","img/p02586.jpg","SuperYou SuperYou Strawberry Creme Wafer Protein Bar - Pack of 2"
"p02587","RiteBite","RiteBite Max Protein Daily Choco Berry 10 g Protein Bar - Pack of 4","Snacks & Munchies","img/p02587.jpg","RiteBite RiteBite Max Protein Daily Choco Berry 10 g Protein Bar - Pack of 4"
"p02588","RiteBite","RiteBite Max Protein Daily Choco Berry 10 g Protein Bar","Snacks & Munchies","img/p02588.jpg","RiteBite RiteBite Max Protein Daily Choco Berry 10 g Protein Bar"
"p02589","RiteBite","RiteBite Max Protein Daily Choco Berry 10 g Protein Bar - Pack of 2","Snacks & Munchies","img/p02589.jpg","RiteBite RiteBite Max Protein Daily Choco Berry 10 g Protein Bar - Pack of 2"
"p02590","Yoga Bar","Yoga Bar Cookies & Cream 10g Protein Wafer Bar","Snacks & Munchies","img/p02590.jpg","Yoga Bar Yoga Bar Cookies & Cream 10g Protein Wafer Bar"
"p02591","SuperYou","SuperYou Chocolate Wafer Protein Bar - Pack of 4","Snacks & Munchies","img/p02591.jpg","SuperYou SuperYou Chocolate Wafer Protein Bar - Pack of 4"
"p02629","Yoga Bar","Yoga Bar 20 g Protein Bar, Coffee Rush, No Added Sugar","Snacks & Munchies","img/p02629.jpg","Yoga Bar Yoga Bar 20 g Protein Bar, Coffee Rush, No Added Sugar"
"p02642","Tata Sampann","Tata Sampann Unpolished Yellow Moong Dal (Dhuli) Split","Grocery Staples","img/p02642.jpg","Tata Sampann Tata Sampann Unpolished Yellow Moong Dal (Dhuli) Split"
"p02643","Tata Sampann","Tata Sampann Unpolished Masoor Dal","Grocery Staples","img/p02643.jpg","Tata Sampann Tata Sampann Unpolished Masoor Dal"
"p02648","Tata Sampann","Tata Sampann Unpolished Green Moong (Sabut) Whole","Grocery Staples","img/p02648.jpg","Tata Sampann Tata Sampann Unpolished Green Moong (Sabut) Whole"
"p02737","Fortune","Fortune Sooji - Pack of 2","Grocery Staples","img/p02737.jpg","Fortune Fortune Sooji - Pack of 2"
"p03018","Harpic","Harpic Disinfectant Liquid Toilet Cleaner - (Original) Pack of 3","Home & Cleaning","img/p03018.jpg","Harpic Harpic Disinfectant Liquid Toilet Cleaner - (Original) Pack of 3"
"p03019","Harpic","Harpic Disinfectant Liquid Toilet Cleaner - (Original)","Home & Cleaning","img/p03019.jpg","Harpic Harpic Disinfectant Liquid Toilet Cleaner - (Original)"
"p03020","Harpic","Harpic Disinfectant Liquid Toilet Cleaner - (Original) Pack of 2","Home & Cleaning","img/p03020.jpg","Harpic Harpic Disinfectant Liquid Toilet Cleaner - (Original) Pack of 2"
"p03021","Harpic","Harpic Advanced Disinfectant Toilet Cleaner","Home & Cleaning","img/p03021.jpg","Harpic Harpic Advanced Disinfectant Toilet Cleaner"
"p03022","Harpic","Harpic Disinfectant Liquid Bathroom Cleaner (Lemon - 500 ml)","Home & Cleaning","img/p03022.jpg","Harpic Harpic Disinfectant Liquid Bathroom Cleaner (Lemon - 500 ml)"
"p03028","Harpic","Harpic Disinfectant Toilet Bleach (White and Shine) Pack of 2","Home & Cleaning","img/p03028.jpg","Harpic Harpic Disinfectant Toilet Bleach (White and Shine) Pack of 2"
"p03216","Godrej","Godrej Fab Top Load Liquid Detergent Refill","Home & Cleaning","img/p03216.jpg","Godrej Godrej Fab Top Load Liquid Detergent Refill"
"p03277","Joy","Joy Pure Aloe Multi Benefit Moisturizing Cream","Personal Care","img/p03277.jpg","Joy Joy Pure Aloe Multi Benefit Moisturizing Cream"
"p03348","Dettol","Dettol Liquid Hand Wash Refill Pouch (Original Germ Protection)","Personal Care","img/p03348.jpg","Dettol Dettol Liquid Hand Wash Refill Pouch (Original Germ Protection)"
"p03415","Closeup","Closeup Everfresh+ Gel Toothpaste (Red Hot)","Personal Care","img/p03415.jpg","Closeup Closeup Everfresh+ Gel Toothpaste (Red Hot)"
"p03515","Nivea","Nivea Men Fresh Active Men's Roll On","Personal Care","img/p03515.jpg","Nivea Nivea Men Fresh Active Men's Roll On"
"p03561","The","The Derma Co Sali-Cinamide Anti-Acne Face Wash","Personal Care","img/p03561.jpg","The The Derma Co Sali-Cinamide Anti-Acne Face Wash"
"p03605","FURR","FURR Reusable German Blade Face Razor - Pack of 3","Beauty","img/p03605.jpg","FURR FURR Reusable German Blade Face Razor - Pack of 3"
"p03845","THE","THE MODERN RITUAL Lemon Anti Hangover Effervescent Tablets","Pharma & Wellness","img/p03845.jpg","THE THE MODERN RITUAL Lemon Anti Hangover Effervescent Tablets"
"p03886","Vicks","Vicks ZzzQuil Natura Melatonin Sleep Gummies","Pharma & Wellness","img/p03886.jpg","Vicks Vicks ZzzQuil Natura Melatonin Sleep Gummies"
"p03914","Wellcore","Wellcore Micronised Creatine","Pharma & Wellness","img/p03914.jpg","Wellcore Wellcore Micronised Creatine"
"p03915","Wellcore","Wellcore Micronised Creatine (Tropical Tango)","Pharma & Wellness","img/p03915.jpg","Wellcore Wellcore Micronised Creatine (Tropical Tango)"
"p03917","Nutrabay","Nutrabay Gold Micronized Creatine Monohydrate (Orange)","Pharma & Wellness","img/p03917.jpg","Nutrabay Nutrabay Gold Micronized Creatine Monohydrate (Orange)"
"p04042","SynoCare","SynoCare Disposable Surgical Mask (Black)","Personal Care","img/p04042.jpg","SynoCare SynoCare Disposable Surgical Mask (Black)"
"p04081","Silverex","Silverex Ionic Gel","Pharma & Wellness","img/p04081.jpg","Silverex Silverex Ionic Gel"
"p04127","Prolyte","Prolyte Liquid ORS (Orange) - Pack of 3","Pharma & Wellness","img/p04127.jpg","Prolyte Prolyte Liquid ORS (Orange) - Pack of 3"
"p04149","FreeStyle","FreeStyle Libre 2 Plus Sensor – Continuous Glucose Monitor (CGM)","Pharma & Wellness","img/p04149.jpg","FreeStyle FreeStyle Libre 2 Plus Sensor – Continuous Glucose Monitor (CGM)"
"p04173","Tata","Tata 1mg Compact Nebulizer (for Respiratory Care)","Pharma & Wellness","img/p04173.jpg","Tata Tata 1mg Compact Nebulizer (for Respiratory Care)"
"p04338","B","B Natural Coconut Cola Soft Drink","Beverages","img/p04338.jpg","B B Natural Coconut Cola Soft Drink"
"p04339","Coca-Cola","Coca-Cola Diet-Coke Diets & Lights - Pack of 6","Beverages","img/p04339.jpg","Coca-Cola Coca-Cola Diet-Coke Diets & Lights - Pack of 6"
"p04340","Diet Coke","Diet Coke Diets & Lights","Beverages","img/p04340.jpg","Diet Coke Diet Coke Diets & Lights"
"p04341","Thums Up","Thums Up Cola Soft Drink (750 ml) - Pack of 2","Beverages","img/p04341.jpg","Thums Up Thums Up Cola Soft Drink (750 ml) - Pack of 2"
"p04342","Thums Up","Thums Up Soft Drink","Beverages","img/p04342.jpg","Thums Up Thums Up Soft Drink"
"p04343","Thums Up","Thums Up Cola Soft Drink (750 ml) - Pack of 4","Beverages","img/p04343.jpg","Thums Up Thums Up Cola Soft Drink (750 ml) - Pack of 4"
"p04345","Coca-Cola","Coca-Cola Soft Drink","Beverages","img/p04345.jpg","Coca-Cola Coca-Cola Soft Drink"
"p04347","Sprite","Sprite Lime Flavored Soft Drink","Beverages","img/p04347.jpg","Sprite Sprite Lime Flavored Soft Drink"
"p04458","Raw","Raw Pressery Coconut Water - Pack of 6","Beverages","img/p04458.jpg","Raw Raw Pressery Coconut Water - Pack of 6"
"p04526","Mogu Mogu","Mogu Mogu Grape Fruit Drink with Nata De Coco - Pack of 4","Beverages","img/p04526.jpg","Mogu Mogu Mogu Mogu Grape Fruit Drink with Nata De Coco - Pack of 4"
"p04527","Mogu Mogu","Mogu Mogu Grape Fruit Drink with Nata De Coco","Beverages","img/p04527.jpg","Mogu Mogu Mogu Mogu Grape Fruit Drink with Nata De Coco"
"p04528","Mogu Mogu","Mogu Mogu Grape Fruit Drink with Nata De Coco - Pack of 2","Beverages","img/p04528.jpg","Mogu Mogu Mogu Mogu Grape Fruit Drink with Nata De Coco - Pack of 2"
"p04529","Mogu Mogu","Mogu Mogu Pineapple Fruit Drink - Pack of 4","Beverages","img/p04529.jpg","Mogu Mogu Mogu Mogu Pineapple Fruit Drink - Pack of 4"
"p04530","Mogu Mogu","Mogu Mogu Pineapple Fruit Drink","Beverages","img/p04530.jpg","Mogu Mogu Mogu Mogu Pineapple Fruit Drink"
"p04531","Mogu Mogu","Mogu Mogu Pineapple Fruit Drink - Pack of 2","Beverages","img/p04531.jpg","Mogu Mogu Mogu Mogu Pineapple Fruit Drink - Pack of 2"
"p04533","Mogu Mogu","Mogu Mogu Orange Fruit Drink","Beverages","img/p04533.jpg","Mogu Mogu Mogu Mogu Orange Fruit Drink"
"p05126","Hide & Seek","Hide & Seek Chocolate Chip Cookies","Bakery & Biscuits","img/p05126.jpg","Hide & Seek Hide & Seek Chocolate Chip Cookies"
"p05127","Britannia","Britannia Good Day Butter Cookies","Bakery & Biscuits","img/p05127.jpg","Britannia Britannia Good Day Butter Cookies"
"p05131","Lotus Biscoff","Lotus Biscoff Caramelized Cookies","Bakery & Biscuits","img/p05131.jpg","Lotus Biscoff Lotus Biscoff Caramelized Cookies"
"p05142","Britannia","Britannia Good Day Chunkies Chocochip Cookies (75 g) - Pack of 2","Bakery & Biscuits","img/p05142.jpg","Britannia Britannia Good Day Chunkies Chocochip Cookies (75 g) - Pack of 2"
"p05165","Britannia","Britannia Tiger Krunch Choco chips Cookies - Pack of 2","Bakery & Biscuits","img/p05165.jpg","Britannia Britannia Tiger Krunch Choco chips Cookies - Pack of 2"
"p05195","Oreo","Oreo Golden Vanilla Sandwich Cream Biscuits (Family Pack)","Bakery & Biscuits","img/p05195.jpg","Oreo Oreo Golden Vanilla Sandwich Cream Biscuits (Family Pack)"
"p05363","Britannia","Britannia Vita Gold Marie Biscuits","Bakery & Biscuits","img/p05363.jpg","Britannia Britannia Vita Gold Marie Biscuits"
"p05452","The","The Baker's Dozen Dark Chocolate Cookies","Bakery & Biscuits","img/p05452.jpg","The The Baker's Dozen Dark Chocolate Cookies"
"p05469","Sapphire","Sapphire Butter Biscuits Gift Pack (Gold Collection)","Bakery & Biscuits","img/p05469.jpg","Sapphire Sapphire Butter Biscuits Gift Pack (Gold Collection)"
"p05630","Mother's","Mother's Recipe Tamarind Paste","Grocery Staples","img/p05630.jpg","Mother's Mother's Recipe Tamarind Paste"
"p05741","Let's","Let's Try Signature Amritsari Tadka Namkeen - Pack of 2","Snacks & Munchies","img/p05741.jpg","Let's Let's Try Signature Amritsari Tadka Namkeen - Pack of 2"
"p05742","Let's","Let's Try Signature Amritsari Tadka Namkeen","Snacks & Munchies","img/p05742.jpg","Let's Let's Try Signature Amritsari Tadka Namkeen"
"p05743","Haldiram's","Haldiram's Classic Salted Peanuts","Snacks & Munchies","img/p05743.jpg","Haldiram's Haldiram's Classic Salted Peanuts"
"p05744","Haldiram's","Haldiram's Boondi","Snacks & Munchies","img/p05744.jpg","Haldiram's Haldiram's Boondi"
"p05745","Haldiram's","Haldiram's Gupshup Peanuts","Snacks & Munchies","img/p05745.jpg","Haldiram's Haldiram's Gupshup Peanuts"
"p05746","Let's","Let's Try Signature Chana Dal Namkeen - Pack of 2","Snacks & Munchies","img/p05746.jpg","Let's Let's Try Signature Chana Dal Namkeen - Pack of 2"
"p05831","Act","Act II Golden Sizzle Popcorn - Instant - Pack of 3","Snacks & Munchies","img/p05831.jpg","Act Act II Golden Sizzle Popcorn - Instant - Pack of 3"
"p05852","4700BC","4700BC Hawaiian Barbeque Cheese Popcorn, Gourmet - Pack of 2","Snacks & Munchies","img/p05852.jpg","4700BC 4700BC Hawaiian Barbeque Cheese Popcorn, Gourmet - Pack of 2"
"p05867","4700BC","4700BC Microwave Cheese Popcorn with Seasoning - Pack of 3","Snacks & Munchies","img/p05867.jpg","4700BC 4700BC Microwave Cheese Popcorn with Seasoning - Pack of 3"
"p05875","4700BC","4700BC Instant Barbeque Popcorn Jumbo Size","Snacks & Munchies","img/p05875.jpg","4700BC 4700BC Instant Barbeque Popcorn Jumbo Size"
"p05877","4700BC","4700BC Instant Natural Popcorn Jumbo Size - Pack of 3","Snacks & Munchies","img/p05877.jpg","4700BC 4700BC Instant Natural Popcorn Jumbo Size - Pack of 3"
"p05969","Mr.","Mr. Makhana Himalayan Salt & Pepper Flavoured Makhana","Snacks & Munchies","img/p05969.jpg","Mr. Mr. Makhana Himalayan Salt & Pepper Flavoured Makhana"
"p05970","Only","Only Truth Premium Makhana","Snacks & Munchies","img/p05970.jpg","Only Only Truth Premium Makhana"
"p05996","Bingo","Bingo Mad Angles Achaari Masti Crisps / Chips - Pack of 3","Snacks & Munchies","img/p05996.jpg","Bingo Bingo Mad Angles Achaari Masti Crisps / Chips - Pack of 3"
"p05997","Bingo","Bingo Mad Angles Achaari Masti Crisps / Chips","Snacks & Munchies","img/p05997.jpg","Bingo Bingo Mad Angles Achaari Masti Crisps / Chips"
"p05998","Uncle","Uncle Chipps Spicy Treat Flavour Potato Chips","Snacks & Munchies","img/p05998.jpg","Uncle Uncle Chipps Spicy Treat Flavour Potato Chips"
"p05999","Lay's","Lay's India's Magic Masala Potato Chips","Snacks & Munchies","img/p05999.jpg","Lay's Lay's India's Magic Masala Potato Chips"
"p06000","Kurkure","Kurkure Masala Munch Crisps - Pack of 3","Snacks & Munchies","img/p06000.jpg","Kurkure Kurkure Masala Munch Crisps - Pack of 3"
"p06001","Kurkure","Kurkure Masala Munch Crisps","Snacks & Munchies","img/p06001.jpg","Kurkure Kurkure Masala Munch Crisps"
"p06005","Lay's","Lay's American Style Cream & Onion Potato Chips","Snacks & Munchies","img/p06005.jpg","Lay's Lay's American Style Cream & Onion Potato Chips"
"p06255","Beco","Beco Super Soft Bamboo Face Tissue Paper - Buy 3 Get 3 Free (2 Ply)","Home & Cleaning","img/p06255.jpg","Beco Beco Super Soft Bamboo Face Tissue Paper - Buy 3 Get 3 Free (2 Ply)"
"p06293","Brass","Brass Aaradhya Akhand Diya by Shubhkart (9.5 x 12 cm)","Home & Cleaning","img/p06293.jpg","Brass Brass Aaradhya Akhand Diya by Shubhkart (9.5 x 12 cm)"
"p06339","Boldfit","Boldfit Wrist Strap Supporter For Gym","Pharma & Wellness","img/p06339.jpg","Boldfit Boldfit Wrist Strap Supporter For Gym"
"p06346","Lifelong","Lifelong Exercise Gym Gloves","Pharma & Wellness","img/p06346.jpg","Lifelong Lifelong Exercise Gym Gloves"
"p06348","Boldfit","Boldfit Gym Gallon Plastic Bottle - 2 L","Pharma & Wellness","img/p06348.jpg","Boldfit Boldfit Gym Gallon Plastic Bottle - 2 L"
"p06349","Boldfit","Boldfit Gym Supporter Trunks for Men (Black)","Pharma & Wellness","img/p06349.jpg","Boldfit Boldfit Gym Supporter Trunks for Men (Black)"
"p06352","Cosco","Cosco Stretch Resistance Band","Pharma & Wellness","img/p06352.jpg","Cosco Cosco Stretch Resistance Band"
"p06423","Fresh","Fresh Rosemary","Fruits & Vegetables","img/p06423.jpg","Fresh Fresh Rosemary"
"p06478","Neem","Neem Leaves","Fruits & Vegetables","img/p06478.jpg","Neem Neem Leaves"
"p06492","Ugaoo","Ugaoo Golden Money Plant In Self Watering Pot","Fruits & Vegetables","img/p06492.jpg","Ugaoo Ugaoo Golden Money Plant In Self Watering Pot"
"p06493","Ugaoo","Ugaoo Syngonium Pink Premium Plant with White Ibiza Pot","Fruits & Vegetables","img/p06493.jpg","Ugaoo Ugaoo Syngonium Pink Premium Plant with White Ibiza Pot"
"p06495","Onion","Onion Pack of 2 (Pyaz)","Fruits & Vegetables","img/p06495.jpg","Onion Onion Pack of 2 (Pyaz)"
"p06496","Onion","Onion (Pyaz)","Fruits & Vegetables","img/p06496.jpg","Onion Onion (Pyaz)"
"p06497","Green","Green Chilli (Hari Mirch)","Fruits & Vegetables","img/p06497.jpg","Green Green Chilli (Hari Mirch)"
"p06498","Orange","Orange Carrot (Gajar)","Fruits & Vegetables","img/p06498.jpg","Orange Orange Carrot (Gajar)"
"p06499","Lemon","Lemon","Fruits & Vegetables","img/p06499.jpg","Lemon Lemon"
"p06500","Desi","Desi Tomato - Pack of 2 (Tamatar)","Fruits & Vegetables","img/p06500.jpg","Desi Desi Tomato - Pack of 2 (Tamatar)"
"p06564","Tata Sampann","Tata Sampann Hing Powder,Compounded Asafoetida (Bandhani Hing) (Bandhani Hing)","Grocery Staples","img/p06564.jpg","Tata Sampann Tata Sampann Hing Powder,Compounded Asafoetida (Bandhani Hing) (Bandhani Hing)"
"p06680","Dates","Dates Laddu by Sweet Karam Coffee (No Added Sugar) - Pack of 2","Grocery Staples","img/p06680.jpg","Dates Dates Laddu by Sweet Karam Coffee (No Added Sugar) - Pack of 2"
"p06882","I","I Can Color: Animals and Birds","Baby Care","img/p06882.jpg","I I Can Color: Animals and Birds"
"p06923","Lapcare","Lapcare Chillmate Laptop Cooling Pad (Black)","Electronics & Appliances","img/p06923.jpg","Lapcare Lapcare Chillmate Laptop Cooling Pad (Black)"
"p06924","Hammer","Hammer 27 W Type C to Lightning Cable","Electronics & Appliances","img/p06924.jpg","Hammer Hammer 27 W Type C to Lightning Cable"
"p06925","Hammer","Hammer 65W Fast Charging Type C to Type C Cable","Electronics & Appliances","img/p06925.jpg","Hammer Hammer 65W Fast Charging Type C to Type C Cable"
"p06926","Hammer","Hammer 100W Fast Charging USB A to Type C Cable","Electronics & Appliances","img/p06926.jpg","Hammer Hammer 100W Fast Charging USB A to Type C Cable"
"p06927","Caribou","Caribou CBU - 02 Fire Retardant Extension Board","Electronics & Appliances","img/p06927.jpg","Caribou Caribou CBU - 02 Fire Retardant Extension Board"
"p06928","Lenovo","Lenovo Standard USB Type-C 65W Laptop Charger (65 W)","Electronics & Appliances","img/p06928.jpg","Lenovo Lenovo Standard USB Type-C 65W Laptop Charger (65 W)"
"p06929","Portronics","Portronics 8 Pin Nylon Braided Type C to Lightning Cable","Electronics & Appliances","img/p06929.jpg","Portronics Portronics 8 Pin Nylon Braided Type C to Lightning Cable"
"p06930","Zebronics","Zebronics Companion 116-K Wireless Keyboard (Black)","Electronics & Appliances","img/p06930.jpg","Zebronics Zebronics Companion 116-K Wireless Keyboard (Black)"
"p06935","Apple","Apple 20W USB-C Power Adapter","Electronics & Appliances","img/p06935.jpg","Apple Apple 20W USB-C Power Adapter"
"p06936","Ambrane","Ambrane 3A Fast USB A to Type C Cable (1.5 m)","Electronics & Appliances","img/p06936.jpg","Ambrane Ambrane 3A Fast USB A to Type C Cable (1.5 m)"
"p06937","boAt","boAt iPhone Super Charging Adapter (20 W)","Electronics & Appliances","img/p06937.jpg","boAt boAt iPhone Super Charging Adapter (20 W)"
"p06954","Panda","Panda Night 5 W Decorative Lamp (USB Rechargeable with Gesture Control) - DesiDiya","Home & Cleaning","img/p06954.jpg","Panda Panda Night 5 W Decorative Lamp (USB Rechargeable with Gesture Control) - DesiDiya"
"p06995","boAt","boAt Bassheads 95 Wired Earphones (Raging Red)","Electronics & Appliances","img/p06995.jpg","boAt boAt Bassheads 95 Wired Earphones (Raging Red)"
"p06996","boAt","boAt Storm Call 3 Women's Edition HD Smart Watch (Salmon Peach)","Electronics & Appliances","img/p06996.jpg","boAt boAt Storm Call 3 Women's Edition HD Smart Watch (Salmon Peach)"
"p07021","Kent","Kent Stainless Steel Hand Blender (450 W, Silver)","Electronics & Appliances","img/p07021.jpg","Kent Kent Stainless Steel Hand Blender (450 W, Silver)"
"p07027","Striff","Striff Blaze1 Camera Portable LED Light","Electronics & Appliances","img/p07027.jpg","Striff Striff Blaze1 Camera Portable LED Light"
"p07032","Philips","Philips 8-in-1 Men's Beard Body Nose Hair Trimmer","Electronics & Appliances","img/p07032.jpg","Philips Philips 8-in-1 Men's Beard Body Nose Hair Trimmer"
"p07861","Femora","Femora Clear Beer Mug (Glass)","Kitchen & Dining","img/p07861.jpg","Femora Femora Clear Beer Mug (Glass)"
"p07890","Irida","Irida Naturals Wheat Straw Plate Set (Multicolour)","Kitchen & Dining","img/p07890.jpg","Irida Irida Naturals Wheat Straw Plate Set (Multicolour)"
"p07913","Lifelong","Lifelong 3 Plates Idli Maker (Stainless Steel)","Kitchen & Dining","img/p07913.jpg","Lifelong Lifelong 3 Plates Idli Maker (Stainless Steel)"
"p07919","Prestige","Prestige Nakshatra Plus Svachh Handi 10760 HA Nak+ IL Handi Pressure Cooker (Hard Anodised)","Kitchen & Dining","img/p07919.jpg","Prestige Prestige Nakshatra Plus Svachh Handi 10760 HA Nak+ IL Handi Pressure Cooker (Hard Anodised)"
"p07937","Nayasa","Nayasa Plastic Fusion Container Set","Kitchen & Dining","img/p07937.jpg","Nayasa Nayasa Plastic Fusion Container Set"
"p08019","Borosil","Borosil Go Sport Thermal Bottle (Black)","Kitchen & Dining","img/p08019.jpg","Borosil Borosil Go Sport Thermal Bottle (Black)"
"p08035","MuscleBlaze","MuscleBlaze Gym Shaker (Silver)","Kitchen & Dining","img/p08035.jpg","MuscleBlaze MuscleBlaze Gym Shaker (Silver)"
"p08043","Swastika","Swastika Indian White Marble Chakla - Roti Maker (Marble)","Kitchen & Dining","img/p08043.jpg","Swastika Swastika Indian White Marble Chakla - Roti Maker (Marble)"
